ts_code,trade_date,open_qfq,close_qfq,pct_chg,vol,amount,turnover_rate,adj_factor,atr_bfq,atr_qfq,brar_ar_bfq,brar_ar_qfq,brar_br_bfq,brar_br_qfq,psy_bfq,psy_qfq,psyma_bfq,psyma_qfq
600938.SH,20240930,28.38,30.05,8.2103,1303669.22,3827912.58,4.5874,1.1983,0.9145,0.9145,134.3303,134.3303,103.74088,103.74088,75.0,75.0,70.833,70.833
600938.SH,20240927,27.4,27.77,0.0,588441.65,1619116.25,2.0706,1.1983,0.8355,0.8355,105.55556,105.55556,77.26481,77.26481,75.0,75.0,66.667,66.667
600938.SH,20240926,28.06,27.77,-2.1149,906487.35,2513730.67,3.1898,1.1983,0.832,0.832,92.58427,92.58427,72.88557,72.88557,75.0,75.0,61.111,61.111
600938.SH,20240925,28.4,28.37,1.4664,572275.21,1636408.33,2.0137,1.1983,0.827,0.827,100.96852,100.96852,78.88693,78.88693,75.0,75.0,55.556,55.556
600938.SH,20240924,27.2,27.96,3.2496,415875.15,1148863.37,1.4634,1.1983,0.8095,0.8095,102.59259,102.59259,75.79505,75.79505,66.667,66.667,48.611,48.611
600938.SH,20240923,26.72,27.08,1.158,272930.67,737417.82,0.9604,1.1983,0.785,0.785,97.89082,97.89082,67.58621,67.58621,58.333,58.333,43.056,43.056
600938.SH,20240920,26.85,26.77,0.2997,379391.93,1017593.29,1.335,1.1983,0.7835,0.7835,93.17073,93.17073,62.43697,62.43697,50.0,50.0,38.889,38.889
600938.SH,20240919,26.3,26.69,1.4443,392360.97,1034241.77,1.3807,1.1983,0.777,0.777,91.77914,91.77914,64.24294,64.24294,41.667,41.667,37.5,37.5
600938.SH,20240918,26.49,26.31,0.4966,270055.04,711325.67,0.9503,1.1983,0.793,0.793,88.66995,88.66995,62.56454,62.56454,41.667,41.667,37.5,37.5
600938.SH,20240913,25.75,26.18,2.7069,472469.26,1237620.15,1.6625,1.1983,0.791,0.791,100.89744,100.89744,67.09733,67.09733,33.333,33.333,37.5,37.5
600938.SH,20240912,25.15,25.49,0.751,401368.05,1015348.25,1.4123,1.1983,0.7755,0.7755,91.55447,91.55447,63.8389,63.8389,33.333,33.333,38.889,38.889
600938.SH,20240911,25.01,25.3,-2.0139,670772.95,1654683.01,2.3603,1.1983,0.7665,0.7665,98.90378,98.90378,66.80708,66.80708,33.333,33.333,40.278,40.278
600938.SH,20240910,25.68,25.82,0.8594,303793.01,780227.04,1.069,1.1983,0.711,0.711,103.51317,103.51317,81.87856,81.87856,41.667,41.667,41.667,41.667
600938.SH,20240909,26.0,25.6,-3.6145,475951.65,1220851.54,1.6748,1.1983,0.721,0.721,93.6,93.6,67.7498,67.7498,41.667,41.667,43.056,43.056
600938.SH,20240906,26.55,26.56,-0.1504,230071.4,613721.15,0.8096,1.1983,0.6835,0.6835,94.28571,94.28571,68.19297,68.19297,41.667,41.667,45.833,45.833
600938.SH,20240905,26.75,26.6,-0.5607,316729.76,844475.33,1.1145,1.1983,0.7125,0.7125,97.50849,97.50849,75.96708,75.96708,41.667,41.667,47.222,47.222
600938.SH,20240904,27.1,26.75,-5.5104,558103.69,1502713.41,1.9639,1.1983,0.724,0.724,112.19512,112.19512,83.09975,83.09975,41.667,41.667,50.0,50.0
600938.SH,20240903,28.99,28.31,-2.0415,407180.23,1159738.46,1.4328,1.1983,0.714,0.714,100.3112,100.3112,81.5534,81.5534,41.667,41.667,51.389,51.389
600938.SH,20240902,28.81,28.9,-1.5668,334767.91,965208.67,1.178,1.1983,0.708,0.708,116.48107,116.48107,88.55472,88.55472,50.0,50.0,52.778,52.778
600938.SH,20240830,29.05,29.36,1.2414,381481.37,1115421.52,1.3424,1.1983,0.7525,0.7525,123.59679,123.59679,98.5803,98.5803,58.333,58.333,52.778,52.778
600938.SH,20240829,29.6,29.0,-2.027,454870.95,1324174.69,1.6006,1.1983,0.782,0.782,104.27435,104.27435,85.35234,85.35234,50.0,50.0,51.389,51.389
600938.SH,20240828,29.17,29.6,0.7145,410272.71,1206907.96,1.4437,1.1983,0.79,0.79,116.57867,116.57867,90.30945,90.30945,58.333,58.333,52.778,52.778
600938.SH,20240827,28.84,29.39,2.8701,515204.8,1501567.63,1.8129,1.1983,0.8295,0.8295,111.47541,111.47541,87.10191,87.10191,50.0,50.0,52.778,52.778
600938.SH,20240826,28.39,28.57,2.2914,329543.29,937977.52,1.1596,1.1983,0.8765,0.8765,97.67658,97.67658,70.66667,70.66667,50.0,50.0,54.167,54.167
600938.SH,20240823,28.05,27.93,0.1793,231111.02,647574.1,0.8132,1.1983,0.901,0.901,87.52122,87.52122,60.0639,60.0639,50.0,50.0,56.944,56.944
600938.SH,20240822,27.81,27.88,-0.8535,241599.11,671801.57,0.8501,1.1983,0.916,0.916,90.36658,90.36658,62.42775,62.42775,50.0,50.0,59.722,59.722
600938.SH,20240821,28.15,28.12,-0.4954,274227.7,766134.82,0.965,1.1983,0.9685,0.9685,78.97513,78.97513,57.48078,57.48078,58.333,58.333,61.111,61.111
600938.SH,20240820,28.85,28.26,-2.5517,386070.24,1096075.06,1.3585,1.1983,0.9865,0.9865,79.89337,79.89337,60.12085,60.12085,58.333,58.333,62.5,62.5
600938.SH,20240819,28.85,29.0,-0.2065,260029.22,754929.73,0.915,1.1983,0.9645,0.9645,90.25765,90.25765,66.1442,66.1442,58.333,58.333,62.5,62.5
600938.SH,20240816,28.67,29.06,1.7863,342715.96,992882.27,1.206,1.1983,1.0305,1.0305,89.29688,89.29688,64.34203,70.55611,66.667,66.667,62.5,62.5
600938.SH,20240815,28.23,28.55,0.4221,251443.0,715874.34,0.8848,1.1983,1.067,1.067,83.2084,83.2423,60.58997,66.48871,66.667,66.667,61.111,61.111
600938.SH,20240814,28.25,28.43,-0.1054,224645.04,637262.05,0.7905,1.1983,1.0775,1.0775,79.01235,79.07272,58.00691,63.71499,58.333,58.333,58.333,58.333
600938.SH,20240813,28.56,28.46,1.0653,356537.64,1014895.31,1.2546,1.1983,1.1485,1.1485,76.29158,76.373,56.30631,61.86823,66.667,66.667,55.556,55.556
600938.SH,20240812,28.3,28.16,-0.3891,266153.11,749702.36,0.9365,1.1983,1.142,1.142,82.67434,82.66435,55.17621,60.5329,58.333,58.333,50.0,50.0
600938.SH,20240809,27.71,28.27,2.6134,451909.53,1272081.62,1.5902,1.1983,1.1735,1.1735,76.21586,76.3158,52.26681,57.28294,58.333,58.333,47.222,47.222
600938.SH,20240808,27.8,27.55,0.2183,386004.32,1068708.44,1.3583,1.1983,1.176,1.176,72.18194,72.24772,48.8601,53.69997,58.333,58.333,44.444,44.444
600938.SH,20240807,26.65,27.49,1.9659,484219.57,1322684.56,1.7039,1.1983,1.1805,1.1798,70.46467,70.54353,46.07356,50.61054,50.0,50.0,41.667,41.667
600938.SH,20240806,27.15,26.96,0.3349,436425.34,1177269.0,1.5357,1.1983,1.148,1.14665,71.06109,71.0235,49.89775,54.58447,41.667,41.667,40.278,40.278
600938.SH,20240805,27.53,26.87,-5.5204,821911.55,2225352.84,2.8922,1.1983,1.1405,1.13847,79.73597,79.57893,53.35381,58.05495,33.333,33.333,40.278,41.667
600938.SH,20240802,28.91,28.44,-3.2324,440387.14,1258470.03,1.5496,1.1983,1.0975,1.09458,88.52344,88.32625,64.21291,69.77506,41.667,41.667,40.278,43.056
600938.SH,20240801,29.3,29.39,1.9778,504807.21,1491527.79,1.7763,1.1983,1.116,1.11175,91.24192,91.05722,68.64608,74.67953,41.667,41.667,38.889,43.056
600938.SH,20240731,27.87,28.82,2.6719,585108.57,1669579.79,2.0589,1.1983,1.08,1.07537,84.64759,84.47127,59.65616,65.18838,41.667,41.667,37.5,43.056
600938.SH,20240730,29.2,28.07,-5.2009,786674.87,2230963.6,2.7682,1.1983,1.083,1.07716,72.85337,72.67416,55.06187,60.16262,41.667,41.667,36.111,43.056
600938.SH,20240729,28.75,29.61,2.3505,490429.81,1435673.06,1.7257,1.1983,1.058,1.051,86.76364,86.55232,67.39675,73.56056,41.667,50.0,34.722,43.056
600938.SH,20240726,28.84,28.93,-0.0346,479821.17,1392944.45,1.6884,1.1983,1.077,1.06863,81.42037,81.16592,64.85303,70.88636,33.333,41.667,34.722,43.056
600938.SH,20240725,30.43,28.94,-4.8339,724089.32,2125435.06,2.5479,1.1983,1.0835,1.07431,81.3803,81.06616,66.77235,72.91188,33.333,41.667,36.111,44.444
600938.SH,20240724,30.1,30.41,0.2307,501375.46,1520701.14,1.7643,1.1983,1.0315,1.02185,97.66506,97.34523,80.20979,87.59172,33.333,41.667,37.5,45.833
600938.SH,20240723,30.54,30.34,-1.3333,397322.42,1211908.31,1.3981,1.1983,1.0145,1.00381,92.20986,91.89818,81.94842,89.60024,33.333,41.667,40.278,48.611
600938.SH,20240722,31.1,30.75,-2.9968,757182.39,2319635.93,2.6644,1.1983,1.033,1.0214,91.95219,91.6379,83.14038,90.9662,33.333,41.667,43.056,51.389
600938.SH,20240719,32.67,31.7,-3.8811,625104.05,1996478.91,2.1996,1.1983,0.998,0.98552,92.51424,92.3022,90.7393,99.72979,41.667,50.0,45.833,54.167
600938.SH,20240718,32.45,32.98,2.2636,429184.65,1401124.32,1.5102,1.1983,0.9665,0.95334,105.7363,105.60965,105.51839,116.14413,41.667,50.0,47.222,54.167
600938.SH,20240717,33.8,32.25,-4.8953,794220.22,2605261.07,2.7947,1.1983,0.9665,0.9527,117.68293,117.45603,108.4898,118.87966,41.667,50.0,48.611,54.167
600938.SH,20240716,33.97,33.91,0.1477,352107.37,1194700.71,1.239,1.1983,0.9255,0.91079,130.12161,130.20414,128.46715,141.6552,50.0,58.333,51.389,55.556
600938.SH,20240715,33.0,33.86,1.804,374741.63,1255275.41,1.3187,1.1983,0.9315,0.91627,131.07345,131.18296,132.68519,146.30935,50.0,58.333,52.778,55.556
600938.SH,20240712,33.43,33.26,0.1807,440343.89,1473487.24,1.5495,1.1983,0.905,0.88929,130.44719,130.46038,140.79457,155.60692,50.0,58.333,54.167,55.556
600938.SH,20240711,33.39564,33.1992,-0.2656,468306.61,1580610.04,1.6479,1.177,0.901,0.8845,123.9011,123.90535,140.69098,140.53338,50.0,50.0,56.944,56.944
600938.SH,20240710,33.79836,33.2876,-2.0237,399932.28,1363332.43,1.4073,1.177,0.935,0.9179,136.25119,136.25613,132.29927,132.15082,50.0,50.0,59.722,59.722
600938.SH,20240709,33.9064,33.97516,-0.5177,388301.44,1336650.2,1.3664,1.177,0.983,0.96506,153.20641,153.21238,150.24155,150.07979,58.333,58.333,62.5,62.5
600938.SH,20240708,33.376,34.15196,1.4294,407922.08,1409264.85,1.4354,1.177,1.0125,0.99404,163.04118,163.04765,159.63303,159.45922,58.333,58.333,62.5,62.5
600938.SH,20240705,34.55467,33.67067,-2.2805,561240.33,1928430.28,1.9749,1.177,0.9895,0.97145,147.99599,148.00174,145.83333,145.67115,58.333,58.333,61.111,61.111
600938.SH,20240704,34.25018,34.45645,0.7467,356120.04,1244103.12,1.2531,1.177,0.955,0.93756,178.87486,178.88141,177.64182,177.44549,66.667,66.667,59.722,59.722
600938.SH,20240703,34.54485,34.20107,-0.9106,513488.65,1792239.7,1.8069,1.177,0.9935,0.97538,187.83626,187.84349,186.37387,186.17286,66.667,66.667,55.556,55.556
600938.SH,20240702,33.63138,34.51538,3.2315,533794.14,1853726.65,1.8783,1.177,0.984,0.96606,213.35079,213.35903,211.0,210.76801,66.667,66.667,52.778,52.778
600938.SH,20240701,32.32502,33.43493,3.1515,581000.68,1952045.84,2.0444,1.177,0.977,0.95919,200.12987,200.13827,195.55556,195.33254,58.333,58.333,51.389,51.389
600938.SH,20240628,31.70622,32.41342,2.8678,515580.84,1683121.45,1.8142,1.177,0.9165,0.89976,182.36057,182.36933,176.58537,176.37189,50.0,50.0,50.0,50.0
600938.SH,20240627,31.39191,31.50977,0.3127,344485.71,1102079.13,1.2122,1.177,0.916,0.89928,171.70294,171.71157,160.09445,159.89356,50.0,50.0,50.0,50.0
600938.SH,20240626,31.58835,31.41155,-0.8679,330914.32,1055720.42,1.1644,1.177,0.944,0.92678,172.27979,172.28829,156.38921,156.19057,41.667,41.667,50.0,50.0
600938.SH,20240625,32.15693,31.6758,-0.6468,438884.13,1418011.73,1.5444,1.1766,0.9585,0.94152,194.74412,194.75343,180.05051,179.56723,50.0,50.0,50.0,50.0
600938.SH,20240624,31.43386,31.89555,1.4688,549958.06,1792017.88,1.9352,1.1771,0.9485,0.93172,197.73371,197.73371,176.04035,176.04035,58.333,58.333,47.222,47.222
600938.SH,20240621,31.47316,31.43386,-0.1248,496825.42,1592067.27,1.7482,1.1771,0.9175,0.90127,185.69444,185.69444,166.3354,166.3354,50.0,50.0,44.444,44.444
600938.SH,20240620,31.04094,31.47316,1.682,505651.8,1612059.65,1.7793,1.1771,0.893,0.8772,181.3278,181.3278,159.29095,159.29095,50.0,50.0,44.444,44.444
600938.SH,20240619,30.10775,30.95253,3.3115,569481.58,1777340.88,2.0039,1.1771,0.87,0.85461,173.21429,173.21429,151.02781,151.02781,50.0,50.0,45.833,45.833
600938.SH,20240618,30.10775,29.9604,0.362,281516.0,857908.24,0.9906,1.1771,0.8365,0.8217,164.07104,164.07104,134.50292,134.50292,41.667,41.667,47.222,47.222
600938.SH,20240617,30.06846,29.85235,-1.042,301955.0,921747.18,1.0625,1.1771,0.8535,0.8384,172.81831,172.81831,136.15752,136.15752,33.333,33.333,50.0,50.0
600938.SH,20240614,30.82483,30.16669,-1.7909,482409.62,1491390.79,1.6975,1.1771,0.862,0.84675,169.13229,169.13229,140.39168,140.39168,41.667,41.667,52.778,52.778
600938.SH,20240613,30.83466,30.71678,-0.4774,685829.68,2162873.46,2.4133,1.1771,0.8445,0.82956,188.22606,188.22606,147.79221,147.79221,50.0,50.0,52.778,52.778
600938.SH,20240612,29.31208,30.86413,4.2814,751273.38,2311088.14,2.6436,1.1771,0.798,0.78388,186.95652,186.95652,145.6044,145.6044,58.333,58.333,52.778,52.778
600938.SH,20240611,30.03899,29.59695,-0.1987,542086.28,1637470.05,1.9075,1.1771,0.7275,0.71463,150.15823,150.15823,114.85643,114.85643,58.333,58.333,51.389,51.389
600938.SH,20240607,29.59695,29.65589,1.3768,376363.94,1134036.4,1.3244,1.1771,0.676,0.66404,185.42435,185.42435,119.66146,119.66146,58.333,58.333,48.611,48.611
600938.SH,20240606,28.78163,29.25314,2.1612,540904.31,1606133.09,1.9034,1.1771,0.6645,0.65274,167.40238,167.40238,101.28957,101.28957,50.0,50.0,45.833,45.833
600938.SH,20240605,29.38084,28.63429,-2.7361,659818.7,1940190.3,2.3218,1.1771,0.6445,0.6331,167.12565,167.12565,107.50293,107.50293,41.667,41.667,44.444,44.444
600938.SH,20240604,28.64411,29.43978,-0.1,551735.14,1634773.33,1.9415,1.1771,0.601,0.59037,189.72332,189.72332,115.07024,115.07024,50.0,50.0,43.056,43.056
600938.SH,20240603,28.97809,29.46925,1.3514,634740.12,1921004.04,2.2335,1.1771,0.556,0.54616,170.34884,170.34884,135.47445,135.47445,50.0,50.0,40.278,40.278
600938.SH,20240531,28.87986,29.07632,-0.0675,309603.86,915496.93,1.0894,1.1771,0.5485,0.5388,128.88147,128.88147,107.1708,107.1708,41.667,41.667,36.111,36.111
600938.SH,20240530,29.60677,29.09597,-2.6938,421143.35,1264013.72,1.4819,1.1771,0.5825,0.57219,109.44993,109.44993,90.51339,90.51339,41.667,41.667,31.944,31.944
600938.SH,20240529,29.13526,29.90146,3.3616,811497.47,2442392.63,2.8555,1.1771,0.5795,0.56925,140.4321,140.4321,124.96894,124.96894,41.667,41.667,29.167,29.167
600938.SH,20240528,28.70305,28.92898,1.3072,661692.95,1961226.74,2.3284,1.1771,0.592,0.58153,129.45619,129.45619,103.21839,103.21839,33.333,33.333,26.389,26.389
600938.SH,20240527,27.95649,28.5557,2.5759,544281.0,1576747.45,1.9152,1.1771,0.564,0.55402,110.08403,110.08403,86.32479,86.32479,33.333,33.333,26.389,26.389
600938.SH,20240524,27.76985,27.83862,0.4252,222633.12,631434.3,0.7834,1.1771,0.5465,0.53683,106.59341,106.59341,81.97065,81.97065,25.0,25.0,25.0,25.0
600938.SH,20240523,27.77968,27.72074,-0.8433,274050.14,774677.07,0.9643,1.1771,0.5745,0.56434,117.17877,117.17877,86.33994,86.33994,16.667,16.667,26.389,26.389
600938.SH,20240522,28.09402,27.95649,-0.7325,292041.5,831974.76,1.0276,1.1771,0.636,0.62475,113.63023,113.63023,84.76483,84.76483,25.0,25.0,30.556,30.556
600938.SH,20240521,28.34942,28.16278,-1.2401,295006.93,849221.71,1.0381,1.1771,0.72,0.70726,124.82663,124.82663,90.99379,90.99379,25.0,25.0,34.722,34.722
600938.SH,20240520,27.75021,28.51641,2.9433,598386.6,1718001.82,2.1056,1.1771,0.7345,0.72151,135.65341,135.65341,95.11942,95.11942,33.333,33.333,38.889,38.889
600938.SH,20240517,27.85826,27.70109,-0.2123,382060.73,1074924.79,1.3444,1.1771,0.7215,0.70874,109.47631,109.47631,79.4702,79.4702,25.0,25.0,41.667,41.667
600938.SH,20240516,27.82879,27.76003,-0.1766,325499.34,924481.15,1.1454,1.1771,0.722,0.70923,132.61164,132.61164,82.81398,82.81398,33.333,33.333,45.833,45.833
600938.SH,20240515,28.19225,27.80915,-1.7014,363955.8,1034100.97,1.2807,1.1771,0.739,0.72593,126.86763,126.86763,86.32887,86.32887,41.667,41.667,48.611,48.611
600938.SH,20240514,28.45747,28.29048,-0.4149,335291.76,969116.53,1.1798,1.1771,0.736,0.72298,143.67177,143.67177,101.00806,101.00806,50.0,50.0,50.0,50.0
600938.SH,20240513,28.38871,28.40836,-0.755,330811.26,957823.13,1.1641,1.1771,0.7545,0.74115,139.8929,139.8929,99.41176,99.41176,50.0,50.0,50.0,50.0
600938.SH,20240510,28.53606,28.62446,0.6563,399923.39,1162353.17,1.4073,1.1771,0.7735,0.75982,148.99058,148.99058,113.40726,113.40726,50.0,50.0,51.389,51.389
600938.SH,20240509,28.69322,28.43782,-0.3785,371261.08,1076863.58,1.3064,1.1771,0.8125,0.79813,150.19868,150.19868,111.57998,111.57998,50.0,50.0,51.389,51.389
600938.SH,20240508,28.65393,28.54588,-0.6496,347468.54,1013700.19,1.2227,1.1771,0.848,0.833,154.26252,154.26252,107.62548,107.62548,50.0,50.0,52.778,52.778
600938.SH,20240507,28.70305,28.73252,0.1027,322896.63,944500.43,1.1362,1.1771,0.865,0.8497,143.03639,143.03639,109.78158,109.78158,50.0,50.0,54.167,54.167
600938.SH,20240506,28.72269,28.70305,-2.3396,669049.86,1946523.6,2.3543,1.1771,0.901,0.88506,156.21827,156.21827,117.1564,117.1564,50.0,50.0,54.167,54.167
600938.SH,20240430,28.58517,29.39066,2.1858,613718.54,1827957.9,2.1596,1.1771,0.884,0.86836,154.92611,154.92611,113.49862,113.49862,58.333,58.333,52.778,52.778
600938.SH,20240429,29.26296,28.76199,-2.3023,605907.45,1778576.58,2.1321,1.1771,0.891,0.87524,140.56604,140.56604,106.57066,106.57066,50.0,50.0,51.389,51.389
600938.SH,20240426,29.15491,29.43978,3.8821,855360.1,2559500.7,3.0099,1.1771,0.884,0.86836,153.49693,153.49693,116.94915,116.94915,58.333,58.333,52.778,52.778
600938.SH,20240425,28.06455,28.33959,0.5927,218571.53,628616.81,0.7691,1.1771,0.835,0.82023,149.57983,149.57983,112.05273,112.05273,58.333,58.333,51.389,51.389
600938.SH,20240424,28.09402,28.1726,1.1283,300810.28,859186.08,1.0585,1.1771,0.8635,0.84822,151.00354,151.00354,107.11712,107.11712,50.0,50.0,51.389,51.389
600938.SH,20240423,28.29048,27.85826,-1.8345,496780.27,1408066.24,1.7481,1.1771,0.895,0.87917,135.97497,135.97497,98.04878,98.04878,41.667,41.667,54.167,54.167
600938.SH,20240422,29.36119,28.37889,-4.6535,1047648.58,3081449.08,3.6865,1.1771,0.9165,0.90029,156.69291,156.69291,115.35088,115.35088,50.0,50.0,56.944,56.944
600938.SH,20240419,28.99774,29.76394,3.9451,1046888.8,3166056.99,3.6838,1.1771,0.8765,0.86099,181.42145,181.42145,130.38936,130.38936,58.333,58.333,56.944,56.944
600938.SH,20240418,28.87986,28.63429,-2.0168,509698.4,1495962.25,1.7935,1.1771,0.826,0.81139,136.37317,136.37317,95.30744,95.30744,50.0,50.0,56.944,56.944
600938.SH,20240417,29.20402,29.22367,-0.4017,471903.59,1391554.4,1.6605,1.1771,0.834,0.81925,114.94565,114.94565,85.42422,85.42422,58.333,58.333,56.944,56.944
600938.SH,20240416,29.28261,29.34155,0.067,574064.87,1723545.36,2.02,1.1771,0.8415,0.82661,136.92308,136.92308,109.45236,109.45236,66.667,66.667,54.167,54.167
600938.SH,20240415,28.56552,29.3219,2.226,562956.65,1666991.64,1.981,1.1771,0.8965,0.88064,144.25339,144.25339,116.17758,116.17758,58.333,58.333,51.389,51.389
600938.SH,20240412,28.73252,28.6834,-0.5788,381169.7,1110288.44,1.3413,1.1771,0.9085,0.89243,143.61511,143.61511,118.74052,118.74052,50.0,50.0,51.389,51.389
600938.SH,20240411,28.59499,28.85039,0.3759,398390.85,1175986.37,1.4019,1.1771,0.9455,0.92877,150.09242,150.09242,121.0284,121.0284,58.333,58.333,52.778,52.778
600938.SH,20240410,28.29048,28.74234,0.5153,371198.54,1084418.93,1.3062,1.1771,1.0045,0.98673,159.11602,159.11602,132.99689,132.99689,50.0,50.0,51.389,51.389
600938.SH,20240409,29.28261,28.59499,-2.1513,417884.86,1222831.7,1.4705,1.1771,1.0735,1.05451,154.6789,154.6789,131.66536,131.66536,41.667,41.667,52.778,52.778
600938.SH,20240408,28.85039,29.22367,-0.5682,521931.83,1563296.49,1.8366,1.1771,1.169,1.14832,168.59422,168.59422,140.28357,140.28357,50.0,50.0,55.556,55.556
600938.SH,20240403,29.66571,29.39066,0.4027,524548.9,1576205.14,1.8458,1.1771,1.1905,1.16944,148.74884,148.74884,135.52092,135.52092,58.333,58.333,55.556,55.556
600938.SH,20240402,28.70305,29.27279,2.8295,628218.24,1866214.65,2.2106,1.1771,1.206,1.18466,160.17192,160.17192,136.97068,136.97068,58.333,58.333,54.167,54.167
600938.SH,20240401,28.76199,28.46729,-0.8553,453767.0,1317598.64,1.5967,1.1771,1.179,1.15814,153.60825,153.60825,128.16229,128.16229,50.0,50.0,54.167,54.167
600938.SH,20240329,27.89755,28.71287,3.8366,753432.33,2187439.14,2.6512,1.1771,1.238,1.2161,150.50785,150.50785,129.26635,129.26635,58.333,58.333,55.556,55.556
600938.SH,20240328,27.30817,27.65198,1.0772,399062.18,1114100.12,1.4042,1.1771,1.1965,1.17533,151.78735,151.78735,129.25278,129.25278,58.333,58.333,56.944,56.944
600938.SH,20240327,27.37693,27.35729,-0.713,285135.21,794782.29,1.0033,1.1771,1.175,1.15421,159.6607,159.6607,136.4677,136.4677,50.0,50.0,59.722,59.722
600938.SH,20240326,27.94667,27.55375,-0.2489,473913.71,1327066.98,1.6676,1.1771,1.208,1.18663,165.21739,165.21739,140.22895,140.22895,50.0,50.0,63.889,63.889
600938.SH,20240325,26.71878,27.62251,2.9659,635210.9,1773902.0,2.2352,1.1771,1.2155,1.194,194.32049,194.32049,156.90093,156.90093,58.333,58.333,66.667,66.667
600938.SH,20240322,27.11171,26.82684,-3.7703,719795.02,1975922.13,2.5328,1.1771,1.1895,1.16846,177.53906,177.53906,143.73464,143.73464,58.333,58.333,68.056,68.056
600938.SH,20240321,28.15296,27.87791,-1.115,564264.18,1611704.66,1.9856,1.1771,1.159,1.1385,180.87649,180.87649,155.99647,155.99647,66.667,66.667,69.444,69.444
600938.SH,20240320,27.89755,28.19225,0.9852,658531.75,1884796.13,2.3173,1.1771,1.1855,1.16453,182.54764,182.54764,158.23687,158.23687,75.0,75.0,69.444,69.444
600938.SH,20240319,28.00561,27.9172,0.9591,547902.35,1571384.43,1.928,1.1771,1.178,1.15716,191.4433,191.4433,163.58696,163.58696,75.0,75.0,68.056,68.056
600938.SH,20240318,27.11171,27.65198,0.3565,521566.23,1451654.8,1.8353,1.1771,1.178,1.15716,192.33161,192.33161,155.66372,155.66372,66.667,66.667,66.667,66.667
600938.SH,20240315,28.24136,27.55375,-1.8888,611526.2,1723313.49,2.1519,1.1771,1.231,1.20922,180.39801,180.39801,152.36014,152.36014,66.667,66.667,68.056,68.056
600938.SH,20240314,27.48499,28.08419,2.5834,798756.78,2273351.81,2.8107,1.1771,1.165,1.14439,205.93607,205.93607,164.07301,164.07301,66.667,66.667,69.444,69.444
600938.SH,20240313,26.58126,27.37693,1.4561,783432.2,2154421.05,2.7568,1.1771,1.1405,1.12032,204.75638,204.75638,153.86064,153.86064,66.667,66.667,69.444,69.444
600938.SH,20240312,28.31995,26.98401,-5.731,1116162.31,3112922.82,3.9276,1.1771,1.1135,1.0938,201.75234,201.75234,161.28079,161.28079,66.667,66.667,69.444,69.444
600938.SH,20240311,29.76394,28.62446,-4.709,1029948.98,3002410.15,3.6242,1.1771,1.074,1.055,247.65193,247.65193,206.83453,206.83453,66.667,66.667,68.056,68.056
600938.SH,20240308,27.89755,30.03899,8.9419,738439.66,2161609.3,2.5984,1.1771,1.0,0.98231,338.72114,338.72114,297.28435,297.28435,75.0,75.0,66.667,66.667
600938.SH,20240307,26.62055,27.57339,3.5793,587805.65,1642166.45,2.0684,1.1771,0.889,0.87327,334.69786,334.69786,270.79208,270.79208,75.0,75.0,63.889,63.889
600938.SH,20240306,26.6402,26.62055,0.1478,597507.34,1639189.32,2.1025,1.1771,0.8345,0.81974,303.43511,303.43511,245.94156,245.94156,66.667,66.667,61.111,61.111
600938.SH,20240305,26.22763,26.58126,0.3337,434887.04,1168122.97,1.5303,1.1771,0.815,0.80058,285.20599,285.20599,227.12934,227.12934,66.667,66.667,61.111,61.111
600938.SH,20240304,24.8524,26.49285,7.3219,643067.7,1694303.35,2.2628,1.1771,0.8315,0.81679,276.79558,276.79558,229.55272,229.55272,58.333,58.333,59.722,59.722
600938.SH,20240301,24.64611,24.68541,-0.554,250076.44,629000.41,0.88,1.1771,0.7835,0.76964,221.2766,221.2766,179.40341,179.40341,58.333,58.333,59.722,59.722
600938.SH,20240229,24.70505,24.82293,0.4372,317367.75,798503.56,1.1168,1.1771,0.8355,0.82072,217.12439,217.12439,180.59914,180.59914,58.333,58.333,61.111,61.111
600938.SH,20240228,25.32391,24.71488,-2.3671,594812.26,1505200.87,2.093,1.1771,0.852,0.83693,209.89011,209.89011,175.48747,175.48747,58.333,58.333,61.111,61.111
600938.SH,20240227,24.55771,25.31408,2.9976,629786.11,1614261.22,2.2161,1.1771,0.8205,0.80598,245.02712,245.02712,201.10236,201.10236,66.667,66.667,61.111,61.111
600938.SH,20240226,24.45948,24.57735,0.12,509439.14,1274906.56,1.7926,1.1771,0.788,0.77406,229.26391,229.26391,193.14195,193.14195,58.333,58.333,61.111,61.111
600938.SH,20240223,25.08815,24.54788,-1.2253,475018.01,1196352.3,1.6715,1.1771,0.7765,0.76276,222.7758,222.7758,189.03021,189.03021,58.333,58.333,62.5,62.5
600938.SH,20240222,24.16478,24.8524,3.013,651747.25,1635827.0,2.2934,1.1771,0.784,0.77013,234.32282,234.32282,186.66667,186.66667,66.667,66.667,65.278,65.278
600938.SH,20240221,24.04691,24.12549,0.3268,513733.43,1273366.18,1.8077,1.1771,0.738,0.72494,211.17117,211.17117,155.98227,155.98227,58.333,58.333,65.278,65.278
600938.SH,20240220,23.96832,24.04691,-0.5282,477947.95,1172007.62,1.6818,1.1771,0.718,0.7053,187.35043,187.35043,139.29078,139.29078,58.333,58.333,66.667,66.667
600938.SH,20240219,22.47521,24.17461,7.7024,592794.25,1417301.95,2.0859,1.1771,0.695,0.6827,172.48764,172.48764,138.16356,138.16356,66.667,66.667,66.667,66.667
600938.SH,20240208,22.47521,22.44574,-0.6953,366413.02,833344.91,1.2893,1.1771,0.6175,0.60658,143.40836,143.40836,117.76504,117.76504,66.667,66.667,63.889,63.889
600938.SH,20240207,22.35734,22.60291,0.6122,547687.07,1241297.97,1.9272,1.1771,0.6105,0.5997,158.2906,158.2906,130.59361,130.59361,75.0,75.0,61.111,61.111
600938.SH,20240206,22.63238,22.46539,-0.7378,450400.42,1034232.9,1.5849,1.1771,0.6105,0.5997,169.75089,169.75089,143.98074,143.98074,66.667,66.667,56.944,56.944
600938.SH,20240205,21.87601,22.63238,2.9951,577667.46,1326685.46,2.0327,1.1771,0.602,0.59135,183.83459,183.83459,148.60427,148.60427,66.667,66.667,54.167,54.167
600938.SH,20240202,21.68937,21.97424,0.8566,430236.98,958391.79,1.5139,1.1771,0.5665,0.55648,167.77164,167.77164,136.3047,136.3047,58.333,58.333,51.389,51.389
600938.SH,20240201,22.34751,21.7876,-3.313,511976.31,1148952.02,1.8016,1.1771,0.5635,0.55353,173.73358,173.73358,147.71574,147.71574,50.0,50.0,48.611,48.611
600938.SH,20240131,22.38681,22.53415,0.2184,296559.9,680677.41,1.0435,1.1771,0.5475,0.53781,198.30867,198.30867,173.16602,173.16602,50.0,50.0,45.833,45.833
600938.SH,20240130,22.20017,22.48504,0.2189,353405.4,808130.06,1.2436,1.1771,0.548,0.5383,187.9668,187.9668,170.81712,170.81712,50.0,50.0,41.667,41.667
600938.SH,20240129,22.47521,22.43592,-0.1748,584746.99,1354169.67,2.0576,1.1771,0.5525,0.54273,181.03093,181.03093,176.16162,176.16162,50.0,50.0,36.111,36.111
600938.SH,20240126,22.10194,22.47521,2.509,709003.0,1609288.05,2.4949,1.1771,0.5445,0.53487,171.01449,171.01449,164.18511,164.18511,50.0,50.0,31.944,31.944
600938.SH,20240125,20.94281,21.92512,5.6818,652606.45,1428358.71,2.2964,1.1771,0.5235,0.51424,166.88172,166.88172,152.92929,152.92929,41.667,41.667,29.167,29.167
600938.SH,20240124,20.20608,20.74635,2.8238,328351.27,684914.8,1.1554,1.1771,0.4885,0.47986,149.55752,149.55752,129.43548,129.43548,33.333,33.333,27.778,27.778
600938.SH,20240123,20.10785,20.17661,0.391,243109.08,496456.28,0.8555,1.1771,0.473,0.46463,141.66667,141.66667,119.76285,119.76285,25.0,25.0,29.167,29.167
600938.SH,20240122,20.11767,20.09803,-0.1951,322947.96,663644.23,1.1364,1.1771,0.465,0.45677,140.78091,140.78091,122.66402,122.66402,16.667,16.667,33.333,33.333
600938.SH,20240119,20.18643,20.13732,-0.7264,264634.37,544852.21,0.9312,1.1771,0.4615,0.45334,144.41964,144.41964,129.25311,129.25311,25.0,25.0,38.889,38.889
600938.SH,20240118,20.23555,20.28467,-0.0484,415770.04,841618.28,1.463,1.1771,0.4565,0.44842,140.91904,140.91904,121.62698,121.62698,33.333,33.333,43.056,43.056
600938.SH,20240117,20.42219,20.29449,-0.9588,247373.24,514958.07,0.8705,1.1771,0.426,0.41846,164.39394,164.39394,139.95485,139.95485,33.333,33.333,47.222,47.222
600938.SH,20240116,20.54007,20.49095,-0.2391,245034.77,509199.91,0.8622,1.1771,0.421,0.41355,147.33179,147.33179,125.82645,125.82645,41.667,41.667,52.778,52.778
600938.SH,20240115,20.24537,20.54007,1.4556,265667.08,553736.81,0.9348,1.1771,0.419,0.41159,172.81796,172.81796,147.46137,147.46137,50.0,50.0,56.944,56.944
600938.SH,20240112,20.27484,20.24537,0.3408,230198.5,475584.05,0.81,1.1771,0.4245,0.41699,159.01639,159.01639,126.6,126.6,50.0,50.0,61.111,61.111
600938.SH,20240111,20.31414,20.17661,-0.9643,264088.47,542679.99,0.9293,1.1771,0.4215,0.41404,146.875,146.875,112.73408,112.73408,50.0,50.0,66.667,66.667
600938.SH,20240110,20.7267,20.37307,-1.7062,299794.08,626028.04,1.0549,1.1771,0.426,0.41846,147.73756,147.73756,113.87833,113.87833,58.333,58.333,72.222,72.222
600938.SH,20240109,20.53024,20.7267,-0.3307,296339.1,618951.17,1.0428,1.1771,0.4125,0.4052,158.73786,158.73786,119.2,119.2,66.667,66.667,75.0,75.0
600938.SH,20240108,20.82494,20.79547,-0.0472,239773.49,506045.69,0.8437,1.1771,0.418,0.4106,170.61856,170.61856,130.83512,130.83512,66.667,66.667,77.778,77.778
600938.SH,20240105,21.04104,20.80529,-0.7032,274837.23,585946.15,0.9671,1.1771,0.435,0.4273,195.2514,195.2514,148.06378,148.06378,75.0,75.0,79.167,79.167
600938.SH,20240104,20.88387,20.95264,1.138,345894.51,736248.68,1.2171,1.1771,0.4315,0.42387,216.30769,216.30769,157.76699,157.76699,83.333,83.333,79.167,79.167
600938.SH,20240103,20.46148,20.71688,0.8126,318518.75,670313.77,1.1208,1.1771,0.4255,0.41797,220.25723,220.25723,148.79227,148.79227,83.333,83.333,76.389,76.389
600938.SH,20240102,20.599,20.54989,-0.2384,335433.71,707878.84,1.1803,1.1771,0.4155,0.40815,188.56305,188.56305,133.48624,133.48624,75.0,75.0,73.611,73.611
600938.SH,20231229,20.13732,20.599,1.5005,428870.6,892269.16,1.5091,1.1771,0.3985,0.39145,188.95706,188.95706,129.64706,129.64706,83.333,83.333,70.833,70.833
600938.SH,20231228,20.18643,20.29449,0.194,424171.81,871953.02,1.4926,1.1771,0.384,0.37721,180.18576,180.18576,127.91262,127.91262,75.0,75.0,65.278,65.278
600938.SH,20231227,19.7444,20.2552,2.9456,474152.76,968898.71,1.6685,1.1771,0.382,0.37524,186.12903,186.12903,133.16456,133.16456,75.0,75.0,61.111,61.111
600938.SH,20231226,19.58723,19.67563,0.15,409380.72,824338.67,1.4405,1.1771,0.3625,0.35609,164.15094,164.15094,117.70574,117.70574,66.667,66.667,55.556,55.556
600938.SH,20231225,19.60687,19.64617,0.3512,266688.77,531066.87,0.9384,1.1771,0.355,0.34872,149.27114,149.27114,117.11491,117.11491,66.667,66.667,51.389,51.389
600938.SH,20231222,19.35147,19.5774,1.0649,294611.69,587315.91,1.0367,1.1771,0.361,0.35461,143.90935,143.90935,107.76256,107.76256,58.333,58.333,47.222,47.222
600938.SH,20231221,19.4497,19.37112,-0.6048,217234.0,428886.64,0.7644,1.1771,0.357,0.35068,144.44444,144.44444,104.74041,104.74041,50.0,50.0,45.833,45.833
600938.SH,20231220,19.4497,19.489,0.6596,261875.38,521819.15,0.9215,1.1771,0.3575,0.35118,152.19941,152.19941,112.88056,112.88056,50.0,50.0,45.833,45.833
600938.SH,20231219,19.25324,19.3613,0.8184,191032.62,375870.52,0.6722,1.1771,0.358,0.35167,135.37234,135.37234,101.0846,101.0846,41.667,41.667,45.833,45.833
600938.SH,20231218,18.9782,19.20413,1.0336,184351.4,360199.94,0.6487,1.1771,0.356,0.3497,128.46348,128.46348,96.88797,96.88797,41.667,41.667,47.222,47.222
600938.SH,20231215,19.30236,19.00767,-1.0736,202977.23,396257.35,0.7142,1.1771,0.361,0.35461,125.25253,125.25253,93.77593,93.77593,41.667,41.667,50.0,50.0
600938.SH,20231214,19.1059,19.21395,0.8767,179824.77,351357.28,0.6328,1.1771,0.36,0.35363,133.95225,133.95225,89.73306,89.73306,50.0,50.0,52.778,52.778
600938.SH,20231213,19.26307,19.04696,-2.2681,361364.73,705122.65,1.2716,1.1771,0.3625,0.35609,130.51282,130.51282,76.86567,76.86567,50.0,50.0,54.167,54.167
600938.SH,20231212,19.26307,19.489,0.8643,226539.28,447864.94,0.7972,1.1771,0.3525,0.34626,142.78075,142.78075,86.47059,86.47059,50.0,50.0,55.556,55.556
600938.SH,20231211,19.58723,19.322,-1.993,409271.42,803646.11,1.4402,1.1771,0.358,0.35167,113.36303,113.36303,71.76871,71.76871,50.0,50.0,56.944,56.944
600938.SH,20231208,19.0666,19.71493,3.4536,448325.11,890654.64,1.5776,1.1771,0.349,0.34283,119.67213,119.67213,79.96324,79.96324,58.333,58.333,59.722,59.722
600938.SH,20231207,18.91926,19.05678,-0.3595,348778.73,672615.38,1.2273,1.1771,0.3255,0.31974,106.69746,106.69746,69.87296,69.87296,58.333,58.333,61.111,61.111
600938.SH,20231206,19.25324,19.12554,-0.8151,279805.21,542590.34,0.9846,1.1771,0.32,0.31434,112.53012,112.53012,76.14504,76.14504,58.333,58.333,61.111,61.111
600938.SH,20231205,19.45953,19.28271,-1.1083,203778.68,402220.69,0.7171,1.1771,0.3275,0.32171,123.23232,123.23232,80.07813,80.07813,58.333,58.333,61.111,61.111
600938.SH,20231204,19.56758,19.49882,-0.5511,248641.16,495846.68,0.8749,1.1771,0.339,0.333,114.08451,114.08451,76.90875,76.90875,58.333,58.333,61.111,61.111
600938.SH,20231201,19.35147,19.60687,0.4024,252177.59,502061.12,0.8874,1.1771,0.3695,0.36296,114.25234,114.25234,74.27007,74.27007,66.667,66.667,62.5,62.5
600938.SH,20231130,19.15501,19.52829,2.1583,303549.96,599523.04,1.0681,1.1771,0.3685,0.36198,116.12903,116.12903,80.40665,80.40665,66.667,66.667,61.111,61.111
600938.SH,20231129,18.9389,19.11572,1.196,246563.2,479220.35,0.8676,1.1771,0.3585,0.35216,91.92913,91.92913,63.06452,63.06452,58.333,58.333,59.722,59.722
600938.SH,20231128,18.8505,18.88979,0.2607,200461.39,385801.36,0.7054,1.1771,0.362,0.3556,85.74109,85.74109,58.51393,58.51393,58.333,58.333,58.333,58.333
600938.SH,20231127,19.04696,18.84067,-1.134,287187.64,551166.51,1.0106,1.1771,0.3715,0.36493,96.25468,96.25468,64.93902,64.93902,58.333,58.333,56.944,56.944
600938.SH,20231124,18.8505,19.05678,0.884,251658.47,488167.83,0.8855,1.1771,0.3815,0.37475,99.03846,99.03846,68.87836,68.87836,66.667,66.667,56.944,56.944
600938.SH,20231123,18.66386,18.88979,0.8919,228370.7,437342.47,0.8036,1.1771,0.388,0.38114,88.70968,88.70968,63.45865,63.45865,58.333,58.333,56.944,56.944
600938.SH,20231122,18.62456,18.7228,0.3686,240468.49,458812.53,0.8462,1.1771,0.4025,0.39538,79.69543,79.69543,55.49451,62.61904,58.333,58.333,56.944,56.944
600938.SH,20231121,18.78173,18.65403,-0.2626,241453.56,459561.69,0.8496,1.1771,0.427,0.41945,83.7884,83.59203,55.63094,62.6074,50.0,50.0,55.556,55.556
600938.SH,20231120,18.88979,18.70315,-0.4184,315627.76,605502.6,1.1106,1.1771,0.438,0.43025,79.35484,79.30562,59.29919,66.38647,50.0,50.0,55.556,55.556
600938.SH,20231117,18.86032,18.78173,-1.2397,273989.87,522286.14,0.9641,1.1771,0.452,0.444,85.21595,85.02805,61.00543,68.16258,58.333,58.333,55.556,55.556
600938.SH,20231116,18.79156,19.01749,0.7284,226993.04,438826.71,0.7988,1.1771,0.4405,0.43271,91.96581,91.72338,65.30899,73.08211,66.667,66.667,52.778,52.778
600938.SH,20231115,18.69333,18.87996,1.1047,222808.34,426482.43,0.784,1.1771,0.447,0.43909,89.79933,89.48541,66.29371,74.03528,58.333,58.333,47.222,47.222
600938.SH,20231114,18.9389,18.67368,-1.2468,275217.99,524803.21,0.9684,1.1771,0.469,0.44302,80.79268,80.6223,56.87264,63.2598,50.0,50.0,44.444,44.444
600938.SH,20231113,18.75226,18.90943,1.1029,307816.89,587329.76,1.0832,1.1771,0.468,0.44147,86.41791,86.22431,50.05714,55.52224,50.0,50.0,41.667,41.667
600938.SH,20231110,18.60492,18.70315,0.3161,178766.68,339974.05,0.629,1.1771,0.4725,0.44523,86.24813,86.0814,54.98242,60.80643,50.0,50.0,38.889,38.889
600938.SH,20231109,18.45757,18.64421,0.2112,268533.78,506952.34,0.9449,1.1771,0.4865,0.45838,87.81575,87.58951,58.20543,64.22106,41.667,41.667,36.111,36.111
600938.SH,20231108,18.39863,18.60492,-0.4729,374419.18,701736.33,1.3175,1.1771,0.4865,0.45793,87.20238,86.92697,61.69697,68.08637,33.333,33.333,34.722,34.722
600938.SH,20231107,18.3397,18.69333,1.2234,408130.75,771443.85,1.4361,1.1771,0.483,0.45395,85.58692,85.31592,64.9562,71.8654,41.667,41.667,34.722,34.722
600938.SH,20231106,19.08625,18.4674,-3.6885,770391.67,1454566.57,2.7109,1.1771,0.499,0.46865,74.93036,74.70178,59.44645,65.72706,33.333,33.333,34.722,34.722
600938.SH,20231103,19.38094,19.17466,-0.611,236135.49,461277.81,0.8309,1.1771,0.5095,0.4775,89.48195,89.29715,68.48404,76.27823,33.333,33.333,37.5,37.5
600938.SH,20231102,19.28271,19.29253,0.0509,174740.88,344417.56,0.6149,1.1771,0.5205,0.48764,96.93053,96.73356,70.07979,77.98016,33.333,33.333,41.667,41.667
600938.SH,20231101,19.03713,19.28271,0.6667,195619.29,381818.93,0.6884,1.1771,0.5275,0.49404,99.02755,98.76185,72.42303,80.49022,33.333,33.333,44.444,44.444
600938.SH,20231031,19.07643,19.15501,-0.1025,192639.49,375462.61,0.6779,1.1771,0.5255,0.4917,91.79567,91.54952,70.69645,78.50092,33.333,33.333,47.222,47.222
600938.SH,20231030,19.55776,19.17466,-1.9095,337259.96,660656.46,1.1868,1.1771,0.5255,0.49127,95.18072,94.87064,82.74933,91.61086,41.667,41.667,51.389,51.389
600938.SH,20231027,19.5774,19.54793,-0.7976,266400.74,531349.11,0.9374,1.1771,0.5265,0.49155,112.39936,112.0867,96.43875,107.00795,50.0,50.0,54.167,54.167
600938.SH,20231026,19.2336,19.7051,2.1905,279929.94,554667.45,0.985,1.1771,0.5255,0.49011,110.69692,110.34856,102.51479,114.05968,58.333,58.333,56.944,56.944
600938.SH,20231025,19.79351,19.28271,-2.8218,552633.29,1091616.89,1.9446,1.1771,0.52,0.48416,106.29032,105.80619,97.65396,108.58399,50.0,50.0,58.333,58.333
600938.SH,20231024,19.97033,19.84263,-0.5416,337628.0,681174.38,1.1881,1.1771,0.497,0.46116,123.00725,122.72332,113.83855,128.14677,50.0,50.0,61.111,61.111
600938.SH,20231023,19.67563,19.95068,0.9945,414868.35,846137.8,1.4599,1.1771,0.4995,0.46305,118.26241,118.10876,106.61417,119.67647,58.333,58.333,63.889,63.889
600938.SH,20231020,19.89174,19.75422,-0.2975,162621.74,328249.99,0.5722,1.1771,0.5085,0.47074,111.32743,110.91538,105.62701,118.69181,58.333,58.333,65.278,65.278
600938.SH,20231019,20.13732,19.81316,-1.5137,192596.75,390190.86,0.6777,1.1771,0.5365,0.49728,112.80277,112.46238,111.07544,124.61442,66.667,66.667,66.667,66.667
600938.SH,20231018,20.40254,20.11767,-0.5342,258348.42,531691.83,0.9091,1.1771,0.529,0.48955,122.71062,122.51042,117.19533,132.10906,66.667,66.667,66.667,66.667
600938.SH,20231017,19.81382,20.22541,1.2458,333479.45,699591.76,1.1735,1.147,0.5105,0.48865,134.30799,134.30799,138.75236,138.75236,66.667,66.667,66.667,66.667
600938.SH,20231016,20.1967,19.97654,0.6753,418581.24,874050.86,1.4729,1.147,0.5025,0.48099,128.26511,128.26511,141.60156,141.60156,66.667,66.667,68.056,68.056
600938.SH,20231013,19.49795,19.84254,1.7174,324570.12,668014.5,1.1421,1.147,0.503,0.48147,135.75884,135.75884,136.22047,136.22047,66.667,66.667,70.833,70.833
600938.SH,20231012,19.33522,19.50752,0.4436,368366.77,747497.26,1.2962,1.147,0.499,0.47764,128.87029,128.87029,130.6163,130.6163,66.667,66.667,72.222,72.222
600938.SH,20231011,19.3448,19.42137,0.4455,434789.54,880937.02,1.53,1.147,0.5095,0.48769,127.81316,127.81316,133.8809,133.8809,66.667,66.667,73.611,73.611
600938.SH,20231010,19.90954,19.33522,-3.7178,454955.76,930452.07,1.6009,1.147,0.503,0.48147,113.52941,113.52941,146.20253,146.20253,66.667,66.667,73.611,73.611
600938.SH,20231009,19.61281,20.08183,-0.7569,725635.56,1478738.46,2.5534,1.147,0.4785,0.45802,130.42506,130.42506,175.31172,175.31172,75.0,75.0,75.0,75.0
600938.SH,20230928,20.27327,20.23498,1.6346,336696.58,709743.21,1.1848,1.147,0.43,0.41159,131.54034,131.54034,240.60403,240.60403,83.333,83.333,76.389,76.389
600938.SH,20230927,19.66067,19.90954,1.5625,388820.4,804754.12,1.3682,1.147,0.4115,0.39388,139.48718,139.48718,223.52941,223.52941,75.0,75.0,76.389,76.389
600938.SH,20230926,19.62238,19.60324,0.1957,337491.37,693876.22,1.1876,1.147,0.3965,0.37953,148.0315,148.0315,221.86495,221.86495,75.0,75.0,77.778,77.778
600938.SH,20230925,19.75639,19.56495,-1.1127,385595.26,794637.28,1.3568,1.147,0.389,0.37235,145.16971,145.16971,209.00621,209.00621,66.667,66.667,79.167,79.167
600938.SH,20230922,19.85211,19.7851,-0.3375,454209.26,931918.47,1.5983,1.147,0.4075,0.39005,152.83019,152.83019,222.72727,222.72727,75.0,75.0,80.556,80.556
600938.SH,20230921,19.62238,19.85211,0.6308,322533.31,666802.84,1.1349,1.147,0.3885,0.37187,182.31707,182.31707,248.22695,248.22695,83.333,83.333,80.556,80.556
600938.SH,20230920,19.45009,19.72767,0.9799,336471.07,690758.98,1.184,1.147,0.3835,0.36708,160.73446,160.73446,220.45455,220.45455,83.333,83.333,77.778,77.778
600938.SH,20230919,19.48838,19.53623,0.3935,307642.0,629857.3,1.0825,1.147,0.376,0.3599,152.80899,152.80899,215.03268,215.03268,83.333,83.333,75.0,75.0
600938.SH,20230918,19.4788,19.45966,0.0492,375867.23,758210.43,1.3226,1.147,0.384,0.36756,146.40884,146.40884,198.75,198.75,83.333,83.333,73.611,73.611
600938.SH,20230915,19.62238,19.45009,0.4449,566334.09,1166697.69,1.9928,1.147,0.3735,0.35751,150.14085,150.14085,191.1315,191.1315,75.0,75.0,70.833,70.833
600938.SH,20230914,18.75134,19.36394,3.1617,629178.72,1259571.89,2.214,1.147,0.3445,0.32975,154.32099,154.32099,178.63777,178.63777,75.0,75.0,69.444,69.444
600938.SH,20230913,18.70348,18.77048,1.2913,277695.13,542973.18,0.9772,1.147,0.328,0.31396,125.73099,125.73099,154.65465,154.65465,66.667,66.667,68.056,68.056
600938.SH,20230912,18.58862,18.53119,-0.7179,273915.48,532663.93,0.9639,1.147,0.3345,0.32018,127.35294,127.35294,145.61404,145.61404,66.667,66.667,66.667,66.667
600938.SH,20230911,18.5599,18.66519,0.6711,328171.96,639045.48,1.1548,1.147,0.328,0.31396,125.51929,125.51929,151.36778,151.36778,75.0,75.0,65.278,65.278
600938.SH,20230908,18.74177,18.54076,-1.7748,355224.23,686101.46,1.25,1.147,0.326,0.31204,125.29762,125.29762,155.69231,155.69231,66.667,66.667,62.5,62.5
600938.SH,20230907,18.89492,18.87577,0.4073,576666.9,1145078.37,2.0292,1.147,0.3195,0.30582,130.74534,130.74534,163.22581,163.22581,66.667,66.667,59.722,59.722
600938.SH,20230906,18.85663,18.7992,0.7179,315356.47,618670.38,1.1097,1.147,0.319,0.30534,113.18052,113.18052,139.82301,139.82301,66.667,66.667,56.944,56.944
600938.SH,20230905,18.56947,18.66519,0.2055,407437.66,794015.93,1.4337,1.147,0.303,0.29003,120.98765,120.98765,139.20973,139.20973,58.333,58.333,52.778,52.778
600938.SH,20230904,18.45461,18.6269,1.6188,481026.79,932947.72,1.6927,1.147,0.2985,0.28572,112.46377,112.46377,135.08772,135.08772,58.333,58.333,50.0,50.0
600938.SH,20230901,18.23446,18.33018,0.7895,257467.52,492890.96,0.906,1.147,0.2925,0.27998,106.66667,106.66667,120.0,120.0,58.333,58.333,47.222,47.222
600938.SH,20230831,18.28232,18.1866,-0.0526,106740.33,202884.87,0.3756,1.147,0.2995,0.28668,111.35734,111.35734,123.83562,123.83562,50.0,50.0,43.056,43.056
600938.SH,20230830,18.16745,18.19617,0.2109,159827.72,303484.81,0.5624,1.147,0.311,0.29769,109.84043,109.84043,116.70951,116.70951,50.0,50.0,40.278,40.278
600938.SH,20230829,18.15788,18.15788,0.0,169689.3,322108.31,0.5971,1.147,0.3255,0.31157,118.01075,118.01075,132.38342,132.38342,41.667,41.667,38.889,38.889
600938.SH,20230828,18.5599,18.15788,1.2273,359205.59,684332.48,1.264,1.147,0.3335,0.31922,104.61165,104.61165,124.39614,124.39614,41.667,41.667,38.889,38.889
600938.SH,20230825,17.84201,17.93773,0.1068,153453.0,287648.91,0.54,1.147,0.3215,0.30774,113.72032,113.72032,104.62963,104.62963,41.667,41.667,38.889,38.889
600938.SH,20230824,17.93773,17.91858,-0.1067,184982.66,346429.91,0.6509,1.147,0.328,0.31396,100.71429,100.71429,97.2043,97.2043,33.333,33.333,37.5,37.5
600938.SH,20230823,17.99516,17.93773,-0.3721,237746.13,449527.31,0.8366,1.147,0.331,0.31683,107.74818,107.74818,107.52212,107.52212,33.333,33.333,37.5,37.5
600938.SH,20230822,17.59314,18.00473,1.896,376428.09,705222.93,1.3246,1.147,0.338,0.32353,101.4218,101.4218,100.21505,100.21505,41.667,41.667,37.5,37.5
600938.SH,20230821,17.641,17.66972,0.0,165820.86,305507.65,0.5835,1.147,0.3445,0.32975,92.77389,92.77389,88.19876,88.19876,41.667,41.667,37.5,37.5
600938.SH,20230818,17.641,17.66972,0.1085,213947.11,395992.63,0.7528,1.147,0.356,0.34076,90.86758,90.86758,77.36549,95.26735,41.667,41.667,38.889,38.889
600938.SH,20230817,17.31556,17.65057,0.9858,177923.09,324104.33,0.6261,1.147,0.3525,0.33741,90.60403,90.48925,84.49905,103.4561,33.333,33.333,40.278,40.278
600938.SH,20230816,17.75586,17.47828,-2.1436,258146.02,474778.33,0.9084,1.147,0.356,0.34076,93.60731,93.17554,94.83101,116.17702,33.333,33.333,43.056,43.056
600938.SH,20230815,17.81329,17.86115,0.0,178662.93,332811.59,0.6287,1.147,0.359,0.34363,96.01874,95.71141,100.20833,123.815,33.333,33.333,45.833,45.833
600938.SH,20230814,17.81329,17.86115,0.0,235139.31,438131.85,0.8274,1.147,0.3595,0.34411,92.82511,92.6374,102.05339,125.64589,41.667,41.667,48.611,48.611
600938.SH,20230811,18.09088,17.86115,-1.8411,366143.49,687456.67,1.2884,1.147,0.3605,0.34507,92.0,91.80781,103.29218,127.19369,50.0,50.0,48.611,48.611
600938.SH,20230810,17.95687,18.19617,1.985,540520.51,1024084.79,1.902,1.147,0.3755,0.34124,94.76082,94.62192,111.44708,138.32107,50.0,50.0,47.222,47.222
600938.SH,20230809,18.00473,17.84201,-0.5867,155210.47,289276.69,0.5462,1.147,0.3825,0.34705,85.25641,85.16375,103.11203,127.32624,50.0,50.0,45.833,45.833
600938.SH,20230808,17.92816,17.9473,0.0,145095.64,272093.91,0.5106,1.147,0.394,0.35726,100.0,99.69386,112.18487,138.14303,50.0,50.0,44.444,44.444
600938.SH,20230807,17.85158,17.9473,0.6441,198766.97,372255.81,0.6994,1.147,0.395,0.35783,110.38375,109.76482,123.5546,151.71073,50.0,50.0,41.667,43.056
600938.SH,20230804,17.85158,17.83244,0.5397,330103.23,617410.1,1.1616,1.147,0.4065,0.36812,109.27602,108.62308,123.01075,151.13891,41.667,41.667,40.278,43.056
600938.SH,20230803,17.90901,17.73672,-1.6454,317046.07,587734.3,1.1156,1.147,0.4045,0.36573,95.65217,95.23369,115.60575,141.00137,41.667,41.667,40.278,44.444
600938.SH,20230802,18.26317,18.03345,-1.0504,340636.9,642760.66,1.1986,1.147,0.401,0.36184,104.50644,104.08016,124.24893,152.72119,41.667,41.667,38.889,44.444
600938.SH,20230801,18.04302,18.22489,1.3845,443400.79,841831.84,1.5603,1.147,0.402,0.36215,112.30769,111.96434,135.11111,166.79204,41.667,41.667,37.5,44.444
600938.SH,20230731,18.10045,17.97602,-0.5823,358792.93,674660.59,1.2625,1.147,0.4145,0.37318,110.23965,109.79389,127.37069,156.50347,33.333,41.667,36.111,44.444
600938.SH,20230728,17.95687,18.08131,0.3186,339647.25,637570.51,1.1952,1.147,0.4185,0.37609,116.85649,116.35956,131.55556,162.56499,41.667,50.0,36.111,44.444
600938.SH,20230727,17.96644,18.02388,0.3731,195823.75,370541.48,0.6891,1.147,0.4095,0.36726,108.91304,108.58207,123.99151,152.50566,41.667,50.0,36.111,44.444
600938.SH,20230726,18.16745,17.95687,-1.1591,194372.96,365799.46,0.684,1.147,0.416,0.37271,97.7131,97.32251,111.96755,136.99629,33.333,41.667,37.5,45.833
600938.SH,20230725,18.00473,18.16745,2.6501,291090.17,552091.92,1.0243,1.147,0.412,0.36831,100.8658,100.56947,124.45887,153.72204,33.333,41.667,40.278,48.611
600938.SH,20230724,17.99516,17.69843,-1.0171,187796.32,348083.61,0.6608,1.147,0.406,0.36174,93.89474,93.46264,105.33881,129.46283,33.333,41.667,44.444,52.778
600938.SH,20230721,18.05259,17.8803,-0.8493,164925.13,309185.31,0.5803,1.147,0.3965,0.35218,104.56621,104.31188,115.82418,143.91751,33.333,41.667,48.611,56.944
600938.SH,20230720,18.35889,18.03345,-1.7727,216824.05,411077.7,0.763,1.147,0.4005,0.35544,93.42916,93.38527,98.48197,119.86691,41.667,50.0,54.167,61.111
600938.SH,20230719,18.16745,18.35889,1.6967,165281.69,316631.08,0.5816,1.147,0.397,0.35135,100.87719,101.02361,104.0,127.9001,50.0,58.333,58.333,63.889
600938.SH,20230718,18.1866,18.05259,-0.9974,119199.75,225318.5,0.4194,1.147,0.3845,0.339,102.21239,102.11684,98.43137,120.55718,50.0,58.333,59.722,63.889
600938.SH,20230717,18.07173,18.23446,-0.1049,167675.72,317303.04,0.59,1.147,0.391,0.34466,111.89931,111.8791,110.02045,135.33286,58.333,66.667,61.111,63.889
600938.SH,20230714,18.4259,18.2536,0.0,264666.35,507658.56,0.9313,1.147,0.39,0.34328,111.18721,111.09375,115.78947,143.27644,58.333,66.667,61.111,62.5
600938.SH,20230713,18.00503,18.24522,2.4909,396106.1,776488.14,1.3938,1.107,0.369,0.34089,115.92506,115.92506,133.17536,133.17536,66.667,66.667,59.722,59.722
600938.SH,20230712,17.54313,17.80179,1.9038,356849.24,687171.6,1.2557,1.107,0.3875,0.35798,109.04872,109.04872,127.96209,127.96209,66.667,66.667,58.333,58.333
600938.SH,20230711,17.5616,17.46922,-0.4737,176591.12,333728.73,0.6214,1.107,0.376,0.34735,106.71296,106.71296,128.19905,128.19905,58.333,58.333,55.556,55.556
600938.SH,20230710,17.70941,17.55237,-0.5236,169605.09,322767.69,0.5968,1.107,0.3845,0.3552,117.61905,117.61905,134.84487,134.84487,58.333,58.333,54.167,54.167
600938.SH,20230707,17.60779,17.64475,0.2099,160834.77,306956.18,0.566,1.107,0.381,0.35197,106.87361,106.87361,112.37113,112.37113,58.333,58.333,51.389,51.389
600938.SH,20230706,17.61703,17.60779,0.0,151424.37,287944.79,0.5328,1.107,0.379,0.35012,105.70175,105.70175,111.22449,111.22449,50.0,50.0,47.222,47.222
600938.SH,20230705,17.69094,17.60779,0.0525,236960.1,451605.33,0.8338,1.107,0.378,0.3492,114.63964,114.63964,124.36441,124.36441,58.333,58.333,45.833,45.833
600938.SH,20230704,17.13665,17.59856,2.3093,387963.51,730891.6,1.3652,1.107,0.374,0.3455,121.42857,121.42857,116.86992,116.86992,50.0,50.0,43.056,43.056
600938.SH,20230703,16.74865,17.20132,2.7594,338323.64,624104.58,1.1905,1.107,0.3705,0.34227,96.79359,96.79359,97.10145,97.10145,50.0,50.0,41.667,41.667
600938.SH,20230630,16.67475,16.73941,0.5549,129479.46,233922.56,0.4556,1.107,0.365,0.33719,85.22073,85.22073,85.9375,85.9375,41.667,41.667,40.278,40.278
600938.SH,20230629,17.05351,16.64703,-1.0977,148224.11,268863.12,0.5216,1.107,0.403,0.37229,78.46154,78.46154,80.53375,80.53375,33.333,33.333,41.667,41.667
600938.SH,20230628,16.62856,16.8318,0.7186,225892.64,408785.16,0.7949,1.107,0.397,0.36675,89.15441,89.15441,79.58861,79.58861,41.667,41.667,45.833,45.833
600938.SH,20230627,16.54541,16.7117,1.5152,320320.93,575269.69,1.1272,1.107,0.408,0.37691,87.31884,87.31884,78.96389,78.96389,41.667,41.667,50.0,50.0
600938.SH,20230626,16.43456,16.46227,-0.1121,210951.75,377141.79,0.7423,1.107,0.4065,0.37553,86.85185,86.85185,80.76923,80.76923,41.667,41.667,52.778,52.778
600938.SH,20230621,16.54541,16.48075,-0.6128,311289.39,559910.6,1.0954,1.107,0.431,0.39816,84.43223,84.43223,76.5625,76.5625,41.667,41.667,55.556,55.556
600938.SH,20230620,16.88722,16.58237,-2.1798,346027.08,625312.0,1.2176,1.107,0.433,0.40001,82.86219,82.86219,80.37383,80.37383,50.0,50.0,58.333,58.333
600938.SH,20230619,17.09046,16.95189,-0.8108,240932.71,443264.3,0.8478,1.107,0.457,0.42218,91.62113,91.62113,84.70032,84.70032,58.333,58.333,59.722,59.722
600938.SH,20230616,17.07199,17.09046,1.5925,282567.37,522257.02,0.9943,1.107,0.461,0.42588,91.71076,91.71076,80.26906,80.26906,66.667,66.667,59.722,59.722
600938.SH,20230615,16.74865,16.82256,-0.2192,258004.11,467485.13,0.9079,1.107,0.4635,0.42819,96.62522,96.62522,77.306,77.306,58.333,58.333,56.944,56.944
600938.SH,20230614,16.77637,16.85951,1.2764,273723.03,498137.31,0.9632,1.107,0.47,0.43419,85.64669,85.64669,74.01361,74.01361,58.333,58.333,54.167,54.167
600938.SH,20230613,16.97037,16.64703,-3.014,615409.56,1104893.23,2.1655,1.107,0.4705,0.43465,85.62963,85.62963,75.97911,75.97911,58.333,58.333,51.389,51.389
600938.SH,20230612,17.21056,17.16437,-0.4821,288088.68,536849.12,1.0137,1.107,0.4565,0.42172,120.62706,120.62706,112.72189,112.72189,58.333,58.333,50.0,50.0
600938.SH,20230609,16.95189,17.24751,1.3022,273992.03,508772.66,0.9641,1.107,0.4725,0.4365,115.44462,115.44462,106.11961,106.11961,58.333,58.333,48.611,48.611
600938.SH,20230608,16.75789,17.02579,1.8795,325679.66,596487.57,1.146,1.107,0.4815,0.44481,111.17647,111.17647,89.39024,89.39024,50.0,50.0,45.833,45.833
600938.SH,20230607,16.57313,16.7117,0.6118,240558.34,433097.92,0.8465,1.107,0.483,0.4462,118.47507,118.47507,98.41463,98.41463,41.667,41.667,43.056,43.056
600938.SH,20230606,16.62856,16.61008,-0.5531,229923.81,415727.04,0.8091,1.107,0.517,0.47761,122.58544,122.58544,94.41805,94.41805,41.667,41.667,43.056,43.056
600938.SH,20230605,16.80408,16.70246,0.7804,293094.98,529910.46,1.0314,1.107,0.551,0.50902,107.19041,107.19041,83.74332,83.74332,50.0,50.0,43.056,43.056
600938.SH,20230602,16.53618,16.57313,1.2415,289858.17,522934.17,1.02,1.107,0.6255,0.57784,110.05291,110.05291,82.93194,82.93194,50.0,50.0,41.667,41.667
600938.SH,20230601,16.13894,16.36989,0.9687,291877.09,515435.95,1.0271,1.107,0.6355,0.58708,99.51279,99.51279,75.7157,75.7157,41.667,41.667,40.278,40.278
600938.SH,20230531,16.68399,16.21284,-4.3075,588031.55,1041107.85,2.0692,1.107,0.669,0.61803,107.15152,107.15152,79.01354,79.01354,33.333,33.333,40.278,40.278
600938.SH,20230530,16.97037,16.94265,-0.1633,254380.08,466596.93,0.8951,1.107,0.6795,0.62773,117.88413,117.88413,85.42714,85.42714,41.667,41.667,43.056,43.056
600938.SH,20230529,16.77637,16.97037,2.0556,375148.31,688807.81,1.3201,1.107,0.68,0.62819,117.78607,117.78607,84.56973,84.56973,41.667,41.667,44.444,44.444
600938.SH,20230526,16.53618,16.62856,-0.5525,353143.49,633753.08,1.2427,1.107,0.7075,0.65359,107.33728,107.33728,73.91304,73.91304,41.667,41.667,44.444,44.444
600938.SH,20230525,16.9796,16.72094,-1.6304,446606.26,805552.08,1.5715,1.107,0.714,0.6596,117.56272,117.56272,84.73934,84.73934,41.667,41.667,44.444,44.444
600938.SH,20230524,17.11818,16.99808,-0.7551,340965.58,629279.27,1.1998,1.107,0.7165,0.66191,132.00514,132.00514,92.33831,92.33831,41.667,41.667,43.056,43.056
600938.SH,20230523,17.7556,17.12741,-3.2359,509998.27,964152.59,1.7946,1.107,0.755,0.69748,148.34437,148.34437,105.8104,105.8104,50.0,50.0,41.667,41.667
600938.SH,20230522,17.47846,17.70018,0.6303,229020.48,436927.21,0.8059,1.107,0.7505,0.69332,166.52111,166.52111,114.67391,114.67391,50.0,50.0,40.278,40.278
600938.SH,20230519,17.45998,17.58932,0.4219,307259.32,582352.92,1.0812,1.107,0.7625,0.7044,158.49858,158.49858,110.50955,110.50955,41.667,41.667,37.5,37.5
600938.SH,20230518,17.59856,17.51541,0.7439,321534.34,613367.52,1.1314,1.107,0.778,0.71872,162.78409,162.78409,115.68206,115.68206,41.667,41.667,36.111,36.111
600938.SH,20230517,17.3676,17.38608,-0.686,278138.91,522727.64,0.9787,1.107,0.817,0.75475,156.67125,156.67125,106.5641,106.5641,33.333,33.333,34.722,34.722
600938.SH,20230516,17.73713,17.50618,-0.5771,459558.14,883542.72,1.6171,1.107,0.8325,0.76907,147.96855,147.96855,104.41767,104.41767,33.333,33.333,34.722,34.722
600938.SH,20230515,17.27522,17.60779,1.0604,374228.93,703319.11,1.3168,1.107,0.8635,0.79771,151.47059,151.47059,107.32452,107.32452,41.667,41.667,34.722,34.722
600938.SH,20230512,17.60779,17.42303,-1.9241,533398.0,1007451.67,1.8769,1.107,0.859,0.79355,160.43956,160.43956,122.38648,122.38648,33.333,33.333,33.333,33.333
600938.SH,20230511,17.63551,17.76484,0.4178,371157.32,712923.44,1.306,1.107,0.8495,0.78478,162.8169,162.8169,127.38226,127.38226,33.333,33.333,34.722,34.722
600938.SH,20230510,18.29141,17.69094,-2.9397,712324.15,1370509.43,2.5065,1.107,0.862,0.79632,165.27197,165.27197,127.34123,127.34123,33.333,33.333,37.5,37.5
600938.SH,20230509,18.55932,18.22675,-0.9538,826189.23,1654125.46,2.9072,1.107,0.8375,0.77369,182.30769,182.30769,137.51452,137.51452,33.333,33.333,40.278,40.278
600938.SH,20230508,17.31218,18.40227,7.6757,1172740.63,2308602.95,4.1267,1.107,0.8145,0.75244,186.22366,186.22366,139.63855,139.63855,33.333,33.333,43.056,43.056
600938.SH,20230505,17.3676,17.09046,-2.2199,520651.94,968261.8,1.8321,1.107,0.7565,0.69886,153.47759,153.47759,113.83721,113.83721,33.333,33.333,47.222,47.222
600938.SH,20230504,17.21056,17.47846,-2.1211,802884.04,1502285.27,2.8252,1.107,0.7845,0.72473,154.05405,154.05405,114.84561,114.84561,41.667,41.667,50.0,50.0
600938.SH,20230428,17.22903,17.85722,5.1687,753543.52,1435383.72,2.6516,1.107,0.743,0.68639,153.65854,153.65854,132.14286,132.14286,50.0,50.0,51.389,51.389
600938.SH,20230427,16.79484,16.9796,-0.8095,404411.11,742715.28,1.4231,1.107,0.7255,0.67022,136.71875,136.71875,118.39378,118.39378,50.0,50.0,52.778,52.778
600938.SH,20230426,17.44151,17.11818,-3.0351,825591.35,1526317.32,2.9051,1.107,0.721,0.66607,121.82081,121.82081,119.58763,119.58763,50.0,50.0,54.167,54.167
600938.SH,20230425,17.52465,17.65398,1.1111,798211.05,1522490.31,2.8088,1.107,0.6865,0.63419,135.07692,135.07692,130.26135,130.26135,58.333,58.333,55.556,55.556
600938.SH,20230424,17.88494,17.45998,-1.971,726017.32,1383931.8,2.5547,1.107,0.6715,0.62034,146.54896,146.54896,139.17963,139.17963,50.0,50.0,56.944,56.944
600938.SH,20230421,17.66322,17.81103,-0.4646,903593.32,1765374.11,3.1796,1.107,0.65,0.60048,146.81892,146.81892,126.98413,126.98413,50.0,50.0,59.722,59.722
600938.SH,20230420,17.44151,17.89418,1.5199,599632.61,1138710.53,3.4261,1.107,0.621,0.57369,130.09404,130.09404,117.29519,117.29519,58.333,58.333,62.5,62.5
600938.SH,20230419,17.79256,17.62627,-1.2422,505202.04,970308.05,2.8866,1.107,0.6,0.55429,122.98137,122.98137,112.12903,112.12903,58.333,58.333,62.5,62.5
600938.SH,20230418,18.13437,17.84798,-2.67,610847.24,1181554.75,3.4902,1.107,0.599,0.55336,134.40514,134.40514,127.33424,127.33424,58.333,58.333,61.111,61.111
600938.SH,20230417,17.4877,18.3376,4.7493,1103985.39,2156459.43,6.3078,1.107,0.6045,0.55844,135.623,135.623,127.33424,127.33424,66.667,66.667,61.111,61.111
600938.SH,20230414,17.2937,17.50618,0.6373,661567.34,1249566.17,3.78,1.107,0.585,0.54043,128.45659,128.45659,117.37968,117.37968,66.667,66.667,58.333,58.333
600938.SH,20230413,16.9057,17.39532,3.8037,1371774.66,2601559.42,7.8379,1.107,0.608,0.56168,122.41653,122.41653,108.96104,108.96104,66.667,66.667,55.556,55.556
600938.SH,20230412,16.45303,16.75789,1.7957,643784.15,1163417.39,3.6784,1.107,0.581,0.53673,131.7965,131.7965,115.19481,115.19481,58.333,58.333,52.778,52.778
600938.SH,20230411,16.48999,16.46227,-1.0,468806.19,832026.2,2.6786,1.107,0.585,0.54043,122.10366,122.10366,111.76471,111.76471,50.0,50.0,51.389,51.389
600938.SH,20230410,16.25903,16.62856,2.4474,800188.39,1430833.5,4.572,1.107,0.611,0.56445,134.26357,134.26357,124.63576,124.63576,58.333,58.333,50.0,50.0
600938.SH,20230407,16.31446,16.23132,-1.1255,477310.03,836563.92,2.7272,1.107,0.614,0.56722,139.55696,139.55696,128.66756,128.66756,50.0,50.0,47.222,47.222
600938.SH,20230406,16.68399,16.41608,-1.6058,754512.48,1339726.08,4.311,1.107,0.623,0.57553,148.5,148.5,139.48498,139.48498,50.0,50.0,44.444,44.444
600938.SH,20230404,16.52694,16.68399,2.381,823075.57,1484875.09,4.7028,1.107,0.619,0.57184,161.91336,161.91336,150.22971,150.22971,50.0,50.0,41.667,41.667
600938.SH,20230403,16.23132,16.29599,3.5211,1169315.04,2095313.34,6.6811,1.107,0.673,0.62172,157.37705,157.37705,139.48563,139.48563,50.0,50.0,37.5,37.5
600938.SH,20230331,15.83408,15.7417,-0.6414,470634.64,801399.13,2.6891,1.107,0.634,0.58569,137.97909,137.97909,117.76799,117.76799,41.667,41.667,34.722,34.722
600938.SH,20230330,15.42761,15.84332,1.7804,1007932.24,1708789.56,5.759,1.107,0.6595,0.60925,142.19031,142.19031,119.13303,119.13303,41.667,41.667,33.333,33.333
600938.SH,20230329,15.58465,15.56618,0.3574,453907.11,763908.76,2.5935,1.107,0.6555,0.60556,140.07353,140.07353,119.59877,119.59877,33.333,33.333,31.944,31.944
600938.SH,20230328,15.4738,15.51075,1.9429,706559.62,1183441.84,4.0371,1.107,0.652,0.60232,143.42105,143.42105,119.59565,119.59565,33.333,33.333,33.333,33.333
600938.SH,20230327,15.42761,15.21513,-1.3772,548491.34,903628.38,3.1339,1.107,0.637,0.58847,147.51908,147.51908,114.8773,114.8773,25.0,25.0,36.111,36.111
600938.SH,20230324,15.60313,15.42761,-1.8225,602973.33,1007392.52,3.4452,1.107,0.6285,0.58061,155.48902,155.48902,120.38217,120.38217,33.333,33.333,41.667,41.667
600938.SH,20230323,15.56618,15.71399,1.0695,602033.73,1020061.08,3.4398,1.107,0.6215,0.57415,159.55734,159.55734,125.44861,125.44861,33.333,33.333,45.833,45.833
600938.SH,20230322,15.70475,15.5477,-0.2962,545649.49,922971.45,3.1177,1.107,0.5985,0.5529,160.33403,160.33403,121.81818,121.81818,33.333,33.333,51.389,51.389
600938.SH,20230321,15.78789,15.59389,-0.4717,555044.07,931633.85,3.1713,1.107,0.594,0.54874,167.32026,167.32026,121.44054,121.44054,41.667,41.667,56.944,56.944
600938.SH,20230320,15.99113,15.6678,-2.9193,1003119.92,1730462.06,5.7315,1.107,0.575,0.53119,188.07786,188.07786,129.21147,129.21147,50.0,50.0,61.111,61.111
600938.SH,20230317,15.72322,16.13894,3.1896,834058.92,1452107.59,4.7655,1.107,0.55,0.50809,194.48819,194.48819,136.04651,136.04651,58.333,58.333,62.5,62.5
600938.SH,20230316,16.03732,15.64008,-5.2602,1097316.96,1872429.48,6.2697,1.107,0.518,0.47853,178.18182,178.18182,122.69231,122.69231,58.333,58.333,63.889,63.889
600938.SH,20230315,16.42532,16.50846,-0.2233,705878.58,1249857.84,4.0332,1.107,0.483,0.4462,196.5812,196.5812,155.92417,155.92417,66.667,66.667,63.889,63.889
600938.SH,20230314,16.82256,16.54541,-2.7159,650678.97,1171791.52,3.7178,1.107,0.4565,0.42172,206.52174,206.52174,173.6,173.6,66.667,66.667,63.889,63.889
600938.SH,20230313,16.41608,17.00732,4.9003,884070.32,1600141.23,5.0513,1.107,0.439,0.40555,223.90572,223.90572,190.37901,190.37901,66.667,66.667,63.889,63.889
600938.SH,20230310,16.64703,16.21284,-3.5714,677848.42,1204529.79,3.873,1.107,0.3985,0.36814,198.6711,198.6711,152.30352,152.30352,58.333,58.333,62.5,62.5
600938.SH,20230309,16.60084,16.81332,0.4415,696165.68,1269380.94,3.9777,1.107,0.3735,0.34504,234.49612,234.49612,180.7571,180.7571,66.667,66.667,61.111,61.111
600938.SH,20230308,16.58237,16.73941,-0.4942,901698.43,1617272.55,5.152,1.107,0.351,0.32426,213.40996,213.40996,183.55705,183.55705,58.333,58.333,58.333,58.333
600938.SH,20230307,15.9357,16.82256,5.8721,1737015.97,3188299.97,9.9248,1.107,0.3435,0.31733,211.28405,211.28405,196.76259,196.76259,66.667,66.667,56.944,56.944
600938.SH,20230306,16.00037,15.88951,0.1164,743526.64,1282302.54,4.2483,1.107,0.2655,0.24527,130.61224,130.61224,137.41497,137.41497,66.667,66.667,52.778,52.778
600938.SH,20230303,15.40913,15.87103,3.0594,1395716.91,2374260.02,7.9747,1.107,0.255,0.23557,150.18315,150.18315,155.0,155.0,58.333,58.333,50.0,50.0
600938.SH,20230302,14.92875,15.39989,3.2838,1203108.58,1988026.48,6.8742,1.107,0.2285,0.21109,133.58491,133.58491,127.87456,127.87456,50.0,50.0,48.611,48.611
600938.SH,20230301,14.7717,14.91027,1.0645,395108.53,635713.21,2.2575,1.107,0.2095,0.19354,120.15209,120.15209,117.07317,117.07317,50.0,50.0,50.0,50.0
600938.SH,20230228,14.73475,14.75323,0.1254,155297.17,247630.22,0.8873,1.107,0.2085,0.19261,104.18118,104.18118,100.0,100.0,50.0,50.0,51.389,51.389
600938.SH,20230227,14.75323,14.73475,-0.1877,174479.93,278422.87,0.9969,1.107,0.2145,0.19816,104.10959,104.10959,98.15385,98.15385,41.667,41.667,52.778,52.778
600938.SH,20230224,14.91027,14.76246,-0.6837,202718.61,324041.82,1.1583,1.107,0.2305,0.21294,104.74576,104.74576,103.75,103.75,50.0,50.0,55.556,55.556
600938.SH,20230223,14.85484,14.86408,-0.3098,308731.16,496253.01,1.764,1.107,0.2495,0.23049,116.54676,116.54676,119.33333,119.33333,50.0,50.0,56.944,56.944
600938.SH,20230222,14.76246,14.91027,0.5607,466625.01,754209.45,2.6661,1.107,0.2535,0.23419,119.78417,119.78417,124.57912,124.57912,58.333,58.333,58.333,58.333
600938.SH,20230221,14.83637,14.82713,0.0,470231.15,756783.1,2.6868,1.107,0.2555,0.23603,111.70213,111.70213,116.94352,116.94352,58.333,58.333,58.333,58.333
600938.SH,20230220,14.62389,14.82713,1.2618,433774.41,693632.33,2.4784,1.107,0.263,0.24296,113.12057,113.12057,120.4698,120.4698,58.333,58.333,58.333,58.333
600938.SH,20230217,14.62389,14.64237,0.1896,220036.46,348444.29,1.2572,1.107,0.2585,0.2388,109.67742,109.67742,115.82492,115.82492,58.333,58.333,56.944,56.944
600938.SH,20230216,14.71627,14.61465,-0.7528,351303.57,559389.63,2.0072,1.107,0.2625,0.2425,108.51064,108.51064,109.41558,109.41558,58.333,58.333,56.944,56.944
600938.SH,20230215,14.79018,14.72551,-0.9323,179530.41,286564.12,1.0258,1.107,0.2595,0.23973,110.03717,110.03717,104.85437,104.85437,58.333,58.333,55.556,55.556
600938.SH,20230214,14.74399,14.86408,0.8145,271377.82,433744.6,1.5506,1.107,0.261,0.24111,123.84615,123.84615,121.91781,121.91781,58.333,58.333,54.167,54.167
600938.SH,20230213,14.71627,14.74399,0.4405,251268.99,400501.34,1.4357,1.107,0.2595,0.23973,128.4585,128.4585,128.16901,128.16901,58.333,58.333,52.778,52.778
600938.SH,20230210,14.76246,14.67932,-0.8115,285138.59,453267.08,1.6292,1.107,0.264,0.24389,117.71218,117.71218,113.09904,113.09904,50.0,50.0,51.389,51.389
600938.SH,20230209,14.74399,14.79942,0.3759,288547.03,461967.1,1.6487,1.107,0.2615,0.24158,119.92481,119.92481,117.43421,117.43421,58.333,58.333,52.778,52.778
600938.SH,20230208,14.90103,14.74399,-0.25,346517.94,557164.81,1.9799,1.107,0.2615,0.24158,115.32847,115.32847,116.93811,116.93811,50.0,50.0,51.389,51.389
600938.SH,20230207,14.73475,14.78094,0.6289,273387.22,436387.6,1.562,1.107,0.2595,0.23973,129.96109,129.96109,126.84564,126.84564,50.0,50.0,51.389,51.389
600938.SH,20230206,14.55923,14.68856,0.0629,208216.78,329495.29,1.1897,1.107,0.2675,0.24712,128.57143,128.57143,119.09385,119.09385,50.0,50.0,52.778,52.778
600938.SH,20230203,14.74399,14.67932,-1.3043,347045.12,551526.39,1.9829,1.107,0.265,0.24481,117.15328,117.15328,128.18792,128.18792,50.0,50.0,54.167,54.167
600938.SH,20230202,14.72551,14.87332,0.4367,423307.19,676823.65,2.4186,1.107,0.2665,0.2462,112.23776,112.23776,133.67698,133.67698,58.333,58.333,54.167,54.167
600938.SH,20230201,14.74399,14.80865,0.8811,445617.56,710182.2,2.5461,1.107,0.259,0.23927,113.12057,113.12057,141.57706,141.57706,50.0,50.0,54.167,54.167
600938.SH,20230131,14.74399,14.67932,-1.0585,354358.86,563269.79,2.0247,1.107,0.2615,0.24158,93.15476,93.15476,111.40351,111.40351,50.0,50.0,55.556,55.556
600938.SH,20230130,15.15046,14.83637,-0.803,513592.01,829883.44,2.9345,1.107,0.269,0.2485,95.75758,95.75758,113.39286,113.39286,58.333,58.333,56.944,56.944
600938.SH,20230120,14.67932,14.95646,3.0554,659717.28,1066990.45,3.7694,1.107,0.255,0.23557,99.35691,99.35691,112.61538,112.61538,58.333,58.333,56.944,56.944
600938.SH,20230119,14.46684,14.51304,-0.5696,258755.04,405903.87,1.4784,1.107,0.238,0.21987,83.4891,83.4891,90.88235,90.88235,50.0,50.0,55.556,55.556
600938.SH,20230118,14.37446,14.59618,2.1332,387704.16,609991.28,2.2152,1.107,0.2415,0.2231,80.54711,80.54711,103.11526,103.11526,58.333,58.333,55.556,55.556
600938.SH,20230117,14.5038,14.29132,-1.7778,364963.52,566935.43,2.0853,1.107,0.235,0.2171,66.29526,66.29526,84.04558,84.04558,58.333,58.333,52.778,52.778
600938.SH,20230116,14.53151,14.54999,-0.0635,294417.95,463669.11,1.6822,1.107,0.253,0.23372,70.05814,70.05814,88.0597,88.0597,58.333,58.333,50.0,50.0
600938.SH,20230113,14.61465,14.55923,0.0635,263373.83,416649.06,1.5048,1.107,0.251,0.23188,69.82759,69.82759,84.34783,84.34783,58.333,58.333,45.833,45.833
600938.SH,20230112,14.45761,14.54999,1.6785,421051.26,662003.04,2.4058,1.107,0.25,0.23095,64.38356,64.38356,68.59296,68.59296,50.0,50.0,41.667,41.667
600938.SH,20230111,14.22665,14.3098,0.3889,209301.82,323985.18,1.1959,1.107,0.245,0.22633,58.09769,58.09769,52.95405,52.95405,50.0,50.0,38.889,38.889
600938.SH,20230110,14.25437,14.25437,-0.4516,198490.65,306445.11,1.1341,1.107,0.246,0.22726,67.60204,67.60204,62.85714,62.85714,41.667,41.667,36.111,36.111
600938.SH,20230109,14.1897,14.31904,1.1749,320618.53,494411.63,1.8319,1.107,0.252,0.2328,81.86528,81.86528,75.05568,75.05568,41.667,41.667,33.333,33.333
600938.SH,20230106,14.07885,14.15275,0.2618,226196.17,345371.11,1.2924,1.107,0.2495,0.23049,75.24038,75.24038,75.21552,75.21552,33.333,33.333,29.167,29.167
600938.SH,20230105,14.06037,14.1158,-0.0654,327147.31,496747.53,1.8692,1.107,0.256,0.2365,80.42959,80.42959,79.10448,79.10448,33.333,33.333,27.778,27.778
600938.SH,20230104,14.16199,14.12504,-1.2274,306512.93,468911.25,1.7513,1.107,0.2755,0.25451,87.94326,87.94326,90.45553,90.45553,33.333,33.333,26.389,26.389
600938.SH,20230103,14.05113,14.30056,1.8421,263646.19,405690.35,1.5064,1.107,0.2925,0.27021,90.37559,90.37559,86.875,86.875,33.333,33.333,25.0,25.0
600938.SH,20221230,13.98646,14.04189,0.729,169880.99,258092.62,0.9706,1.107,0.3075,0.28407,89.27739,89.27739,84.18891,84.18891,25.0,25.0,22.222,22.222
600938.SH,20221229,14.13427,13.94027,-1.8217,261837.98,396234.62,1.4961,1.107,0.3285,0.30347,88.20862,88.20862,74.52107,74.52107,16.667,16.667,20.833,20.833
600938.SH,20221228,14.27284,14.19894,-0.5178,164469.58,253310.89,0.9397,1.107,0.337,0.31132,104.98812,104.98812,91.88641,91.88641,25.0,25.0,20.833,20.833
600938.SH,20221227,14.31904,14.27284,0.0,257773.53,398874.74,1.4728,1.107,0.351,0.32426,120.09685,120.09685,102.44898,102.44898,25.0,25.0,20.833,20.833
600938.SH,20221226,14.04189,14.27284,2.5896,314680.86,481586.82,1.798,1.107,0.3675,0.3395,121.95122,121.95122,94.01544,94.01544,25.0,25.0,20.833,20.833
600938.SH,20221223,13.9218,13.91256,-0.3309,167852.29,252705.35,0.9591,1.107,0.37,0.34181,116.26794,116.26794,82.05128,82.05128,16.667,16.667,22.222,22.222
600938.SH,20221222,14.18046,13.95875,-0.7227,227930.35,347113.58,1.3023,1.107,0.3775,0.34874,109.70655,109.70655,75.68027,75.68027,16.667,16.667,26.389,26.389
600938.SH,20221221,14.21742,14.06037,-0.7823,183450.6,279696.13,1.0482,1.107,0.3805,0.35151,122.67303,122.67303,80.34783,80.34783,16.667,16.667,31.944,31.944
600938.SH,20221220,14.13427,14.17123,0.196,214281.39,329292.01,1.2243,1.107,0.3995,0.36906,130.43478,130.43478,76.92308,76.92308,25.0,25.0,37.5,37.5
600938.SH,20221219,14.61465,14.14351,-3.346,480541.39,741321.12,2.7457,1.107,0.418,0.38615,121.11111,121.11111,75.0,75.0,25.0,25.0,41.667,41.667
600938.SH,20221216,14.59618,14.63313,-0.3774,191332.21,302387.81,1.0932,1.107,0.4025,0.37183,136.86747,136.86747,92.21239,92.21239,33.333,33.333,45.833,45.833
600938.SH,20221215,14.83637,14.68856,-0.1883,216759.95,345466.41,1.2385,1.107,0.4075,0.37645,134.11215,134.11215,86.68885,86.68885,41.667,41.667,50.0,50.0
600938.SH,20221214,14.82713,14.71627,-0.6238,250530.53,399737.69,1.4315,1.107,0.426,0.39354,141.247,141.247,81.64251,81.64251,50.0,50.0,54.167,54.167
600938.SH,20221213,14.80865,14.80865,0.9446,228543.82,366040.07,1.3058,1.107,0.432,0.39909,135.52036,135.52036,82.57457,82.57457,50.0,50.0,56.944,56.944
600938.SH,20221212,14.91951,14.67008,-1.6718,370779.13,591044.46,2.1185,1.107,0.4445,0.41063,167.13287,167.13287,98.9011,98.9011,50.0,50.0,59.722,59.722
600938.SH,20221209,14.92875,14.91951,-0.3086,268012.15,432028.32,1.5313,1.107,0.4615,0.42634,192.25,192.25,110.78431,110.78431,50.0,50.0,61.111,61.111
600938.SH,20221208,14.91027,14.9657,-0.1848,426363.81,687547.4,2.4361,1.107,0.481,0.44435,198.74687,198.74687,108.9172,108.9172,58.333,58.333,62.5,62.5
600938.SH,20221207,15.15046,14.99342,-2.7561,526045.71,855237.68,3.0057,1.107,0.494,0.45636,210.45918,210.45918,117.39837,117.39837,66.667,66.667,62.5,62.5
600938.SH,20221206,15.59389,15.41837,-2.6822,562410.17,939459.31,3.2134,1.107,0.4785,0.44204,249.0411,249.0411,135.45611,135.45611,66.667,66.667,59.722,59.722
600938.SH,20221205,15.50151,15.84332,2.327,557202.62,950468.62,3.1837,1.107,0.477,0.44066,234.36693,234.36693,133.38983,133.38983,66.667,66.667,56.944,56.944
600938.SH,20221202,15.21513,15.48303,1.3301,583083.29,981202.53,3.3316,1.107,0.509,0.47022,217.08543,217.08543,123.79368,123.79368,58.333,58.333,54.167,54.167
600938.SH,20221201,15.39065,15.2798,0.425,589924.1,977903.39,3.3706,1.107,0.504,0.4656,199.51338,199.51338,121.21212,121.21212,58.333,58.333,51.389,51.389
600938.SH,20221130,14.95646,15.21513,1.3538,514410.55,843710.36,2.9392,1.107,0.499,0.46098,196.46226,196.46226,113.3758,113.3758,58.333,58.333,48.611,48.611
600938.SH,20221129,14.70703,15.01189,2.3945,596448.58,959501.28,3.4079,1.107,0.5045,0.46606,171.5812,171.5812,101.48588,101.48588,50.0,50.0,45.833,45.833
600938.SH,20221128,14.60542,14.66084,-1.5509,377826.94,597736.72,2.1588,1.107,0.5205,0.48084,166.38298,166.38298,94.61426,94.61426,50.0,50.0,44.444,44.444
600938.SH,20221125,14.70703,14.8918,1.0025,352252.56,567100.29,2.0127,1.107,0.5325,0.49193,150.28902,150.28902,88.67667,88.67667,50.0,50.0,43.056,43.056
600938.SH,20221124,14.67008,14.74399,-0.8696,533474.7,848598.17,3.0481,1.107,0.5315,0.491,150.66922,150.66922,93.38843,93.38843,41.667,41.667,43.056,43.056
600938.SH,20221123,14.61465,14.87332,2.4825,770332.54,1242827.41,4.4014,1.107,0.53,0.48962,146.89266,146.89266,94.19087,94.19087,41.667,41.667,45.833,45.833
600938.SH,20221122,14.25437,14.51304,1.4858,455336.51,714479.91,2.6016,1.107,0.534,0.49331,127.32049,127.32049,80.23407,80.23407,41.667,41.667,47.222,47.222
600938.SH,20221121,14.23589,14.30056,-1.2125,332298.69,512799.27,1.8986,1.107,0.533,0.49239,122.95918,122.95918,75.75377,75.75377,41.667,41.667,47.222,47.222
600938.SH,20221118,14.54075,14.47608,-1.3845,426362.76,669383.5,2.4361,1.107,0.5335,0.49285,124.40273,124.40273,84.7569,84.7569,41.667,41.667,48.611,48.611
600938.SH,20221117,14.84561,14.67932,-2.3956,495116.95,786108.46,2.8289,1.107,0.5645,0.52149,118.36066,118.36066,77.52404,84.04378,50.0,50.0,48.611,48.611
600938.SH,20221116,14.86408,15.03961,1.3068,470691.74,763079.1,2.6894,1.107,0.563,0.5201,126.91652,126.8244,80.17241,87.20455,58.333,58.333,47.222,47.222
600938.SH,20221115,14.59618,14.84561,0.2495,363804.67,579595.25,2.0787,1.107,0.564,0.52103,119.58599,119.57881,75.17401,81.42606,50.0,50.0,45.833,45.833
600938.SH,20221114,15.10427,14.80865,-1.6564,432022.92,699716.85,2.4684,1.107,0.5635,0.52057,115.98746,116.06484,91.09756,98.54472,41.667,41.667,45.833,45.833
600938.SH,20221111,14.8918,15.05808,2.7743,611892.31,987189.61,3.4962,1.107,0.568,0.52472,126.43678,126.3424,96.73777,104.72059,50.0,50.0,47.222,47.222
600938.SH,20221110,14.54999,14.65161,-1.3682,482784.36,757919.74,2.7585,1.107,0.5625,0.51964,128.59532,128.51275,97.85894,105.69303,41.667,41.667,45.833,45.833
600938.SH,20221109,14.84561,14.85484,-1.0462,362963.71,584027.2,2.0739,1.107,0.585,0.51364,130.24793,130.18665,104.66321,113.38974,41.667,41.667,45.833,45.833
600938.SH,20221108,15.26132,15.01189,-0.975,523332.48,856850.95,2.9902,1.107,0.5935,0.52078,118.66464,118.86616,99.5092,107.6251,50.0,50.0,45.833,45.833
600938.SH,20221107,14.54999,15.1597,4.2567,1034655.76,1700795.82,5.9117,1.107,0.6055,0.53051,108.00562,108.61019,83.97436,90.31514,50.0,50.0,44.444,44.444
600938.SH,20221104,14.14351,14.54075,2.5407,744926.72,1159688.6,4.2563,1.107,0.5945,0.51859,103.36134,103.41382,78.85835,84.36801,50.0,50.0,43.056,43.056
600938.SH,20221103,14.18046,14.18046,-1.3496,376126.58,578701.2,2.1491,1.107,0.6005,0.52304,102.61348,102.42023,72.68145,77.48146,41.667,41.667,41.667,41.667
600938.SH,20221102,14.05113,14.37446,2.0997,533578.19,824346.73,3.0487,1.107,0.6105,0.53133,106.80272,106.43589,77.06237,82.1164,41.667,41.667,41.667,41.667
600938.SH,20221101,13.37675,14.07885,3.6735,521730.18,778613.73,2.981,1.107,0.6155,0.53489,97.76316,97.39511,74.12587,78.87395,41.667,41.667,43.056,43.056
600938.SH,20221031,14.04189,13.57999,-4.1721,567203.83,845102.83,3.2408,1.107,0.6075,0.52629,89.67742,89.05249,70.14925,74.50887,41.667,41.667,45.833,45.833
600938.SH,20221028,14.21742,14.17123,-0.1952,446931.56,686583.34,2.5536,1.107,0.6495,0.56253,92.88538,92.41023,70.5,75.1012,41.667,41.667,48.611,48.611
600938.SH,20221027,14.14351,14.19894,1.2516,508645.8,781933.36,2.9062,1.107,0.6825,0.59139,87.65743,87.31357,71.72619,76.34795,41.667,41.667,51.389,51.389
600938.SH,20221026,14.30056,14.02342,-2.0645,781032.1,1195370.48,4.4626,1.107,0.7035,0.60954,97.8233,97.28573,72.72727,77.15172,41.667,41.667,52.778,52.778
600938.SH,20221025,14.66084,14.31904,-2.7604,492777.13,769625.12,2.8156,1.107,0.709,0.61322,96.75325,96.3323,76.83787,81.73336,50.0,50.0,54.167,54.167
600938.SH,20221024,14.64237,14.72551,0.1256,675049.13,1072137.79,3.857,1.107,0.698,0.60245,103.27422,102.98755,81.61765,87.20604,58.333,58.333,55.556,55.556
600938.SH,20221021,14.59618,14.70703,-0.995,973481.68,1510668.28,5.5622,1.107,0.707,0.60985,99.86523,99.59801,76.09562,81.10634,58.333,58.333,55.556,55.556
600938.SH,20221020,14.74399,14.85484,1.7722,354442.9,570823.53,2.3743,1.107,0.6935,0.59631,106.13409,106.05762,78.52004,84.14802,58.333,58.333,55.556,55.556
600938.SH,20221019,14.78094,14.59618,-1.9243,262872.53,417958.71,1.7609,1.107,0.695,0.59675,95.81646,95.66022,71.34387,76.11765,50.0,50.0,56.944,56.944
600938.SH,20221018,15.24284,14.88256,-2.5998,358349.67,583236.38,2.4004,1.107,0.721,0.6193,107.87293,107.67813,84.79592,90.64543,50.0,50.0,59.722,59.722
600938.SH,20221017,14.91027,15.2798,1.5347,385737.64,629075.0,2.5839,1.107,0.719,0.61674,115.90258,115.91788,90.02101,96.57126,58.333,58.333,61.111,61.111
600938.SH,20221014,14.92875,15.04884,2.1957,397872.03,644996.52,2.6652,1.107,0.698,0.59682,115.78192,115.63547,90.7075,97.32274,58.333,58.333,61.111,61.111
600938.SH,20221013,14.82713,14.72551,-0.7472,362197.61,576045.43,2.4262,1.107,0.7145,0.6108,110.94183,110.74734,79.16667,84.33302,58.333,58.333,61.111,61.111
600938.SH,20221012,14.64958,14.83648,-0.1796,412291.27,683336.85,2.7618,1.0665,0.6945,0.61811,103.15259,103.15259,86.77932,86.77932,66.667,66.667,61.111,61.111
600938.SH,20221011,14.64958,14.86318,1.0284,475084.18,779668.08,3.1824,1.0665,0.6985,0.62167,115.36492,115.36492,95.78313,95.78313,66.667,66.667,61.111,61.111
600938.SH,20221010,14.86318,14.71188,4.422,646656.12,1074883.85,4.3317,1.0665,0.7145,0.63591,110.49305,110.49305,88.33652,88.33652,58.333,58.333,61.111,61.111
600938.SH,20220930,13.72397,14.08887,2.5924,386976.33,607507.77,2.5922,1.0665,0.6845,0.60921,127.77778,127.77778,93.97706,93.97706,58.333,58.333,62.5,62.5
600938.SH,20220929,13.77737,13.73287,1.8482,417674.46,647055.91,2.7978,1.0665,0.687,0.61144,130.98039,130.98039,97.19264,97.19264,58.333,58.333,62.5,62.5
600938.SH,20220928,13.61717,13.48366,-1.2386,392777.76,599625.25,2.6311,1.0665,0.7015,0.62434,145.86667,145.86667,102.99807,102.99807,58.333,58.333,62.5,62.5
600938.SH,20220927,13.75067,13.65277,-1.1598,687150.73,1034259.35,4.6029,1.0665,0.7345,0.65371,151.17566,151.17566,106.48056,106.48056,66.667,66.667,62.5,62.5
600938.SH,20220926,14.62288,13.81297,-8.7059,892884.89,1424138.17,5.9811,1.0665,0.7555,0.6724,169.0583,169.0583,121.06952,121.06952,66.667,66.667,59.722,59.722
600938.SH,20220923,14.76528,15.13018,1.9796,777104.37,1332906.65,5.2055,1.0665,0.7295,0.64926,184.64052,184.64052,137.7129,137.7129,66.667,66.667,56.944,56.944
600938.SH,20220922,14.46268,14.83648,0.3008,540830.21,894966.16,3.6228,1.0665,0.763,0.67908,170.87379,170.87379,128.3293,128.3293,58.333,58.333,54.167,54.167
600938.SH,20220921,14.24017,14.79198,2.9102,449167.37,731279.54,3.0088,1.0665,0.7625,0.67863,162.6409,162.6409,126.00243,126.00243,58.333,58.333,52.778,52.778
600938.SH,20220920,14.46268,14.37368,0.3106,308385.77,495162.49,2.0658,1.0665,0.78,0.69421,159.2233,159.2233,120.33694,120.33694,58.333,58.333,50.0,50.0
600938.SH,20220919,14.24907,14.32917,-0.1241,307089.25,495454.36,2.0571,1.0665,0.7795,0.69376,177.90894,177.90894,132.06388,132.06388,50.0,50.0,47.222,47.222
600938.SH,20220916,14.66738,14.34697,-3.6461,367621.97,599367.36,2.4626,1.0665,0.786,0.69955,176.97595,176.97595,135.6599,135.6599,50.0,50.0,45.833,45.833
600938.SH,20220915,15.11238,14.88988,0.2397,596826.3,1000746.96,3.9979,1.0665,0.774,0.68887,179.05759,179.05759,144.07457,144.07457,50.0,50.0,45.833,45.833
600938.SH,20220914,14.31137,14.85428,2.142,772761.1,1288651.73,5.1764,1.0665,0.76,0.67641,200.0,200.0,147.6584,147.6584,50.0,50.0,47.222,47.222
600938.SH,20220913,14.72968,14.54278,0.4302,464391.99,759594.66,3.1108,1.0665,0.7405,0.65905,183.36484,183.36484,141.16829,141.16829,41.667,41.667,50.0,50.0
600938.SH,20220909,14.36478,14.48048,0.6184,331572.34,536719.09,2.2211,1.0665,0.7465,0.66439,185.60461,185.60461,127.69831,127.69831,41.667,41.667,52.778,52.778
600938.SH,20220908,14.40038,14.39148,-3.0576,605394.94,974887.41,4.0553,1.0665,0.778,0.69243,175.92593,175.92593,120.84894,120.84894,41.667,41.667,55.556,55.556
600938.SH,20220907,14.79198,14.84538,-1.8824,633193.65,1050631.66,4.2415,1.0665,0.7515,0.66884,182.38636,182.38636,130.17356,130.17356,50.0,50.0,58.333,58.333
600938.SH,20220906,15.29039,15.13018,-0.5848,533178.05,901209.52,3.5715,1.0665,0.7415,0.65994,172.72727,172.72727,127.6178,127.6178,58.333,58.333,59.722,59.722
600938.SH,20220905,14.50718,15.21919,6.675,765140.15,1287162.37,5.1254,1.0665,0.727,0.64704,194.10609,194.10609,137.80822,137.80822,66.667,66.667,61.111,61.111
600938.SH,20220902,14.22237,14.26687,0.1875,355220.54,569478.25,2.3795,1.0665,0.6825,0.60743,174.1573,174.1573,118.46554,118.46554,58.333,58.333,61.111,61.111
600938.SH,20220901,14.38258,14.24017,-1.6595,625695.54,1019216.55,4.1913,1.0665,0.69,0.61411,178.07692,178.07692,123.43542,123.43542,58.333,58.333,62.5,62.5
600938.SH,20220831,14.68518,14.48048,-4.4627,727200.99,1188702.35,4.8712,1.0665,0.6795,0.60476,172.56809,172.56809,118.42457,118.42457,58.333,58.333,63.889,63.889
600938.SH,20220830,15.64639,15.15688,-1.1608,957547.01,1625266.83,6.4142,1.0665,0.652,0.58029,180.0813,180.0813,138.85542,138.85542,58.333,58.333,65.278,65.278
600938.SH,20220829,14.64068,15.33489,3.1119,902342.92,1547775.64,6.0444,1.0665,0.6245,0.55581,212.95844,212.95844,139.61353,139.61353,66.667,66.667,65.278,65.278
600938.SH,20220826,15.31709,14.87208,-5.4864,966763.17,1640080.83,6.476,1.0665,0.5915,0.52644,182.00935,182.00935,122.06573,122.06573,66.667,66.667,62.5,62.5
600938.SH,20220825,14.82758,15.73539,8.1346,1789180.87,3089714.48,11.985,1.0665,0.5695,0.50686,190.14778,190.14778,135.41667,135.41667,66.667,66.667,58.333,58.333
600938.SH,20220824,14.33807,14.55168,1.9327,1385698.25,2274884.88,9.2822,1.0665,0.509,0.45302,166.41791,166.41791,113.71528,113.71528,66.667,66.667,54.167,54.167
600938.SH,20220823,13.43916,14.27577,6.366,1606901.77,2529401.77,10.764,1.0665,0.4865,0.43299,135.25499,135.25499,99.8358,99.8358,66.667,66.667,50.0,50.0
600938.SH,20220822,13.20776,13.42136,1.6173,552327.88,832921.1,3.6998,1.0665,0.445,0.39605,126.78571,126.78571,95.55921,95.55921,58.333,58.333,45.833,45.833
600938.SH,20220819,12.99416,13.20776,2.984,980041.33,1456912.21,6.5649,1.0665,0.443,0.39427,126.63755,126.63755,71.97368,83.74942,50.0,50.0,44.444,44.444
600938.SH,20220818,13.13656,12.82506,-2.4374,498510.12,721127.71,3.3393,1.0665,0.4315,0.38404,112.5,112.81614,60.94527,70.58724,41.667,41.667,43.056,43.056
600938.SH,20220817,12.99416,13.14546,0.7503,369225.34,540546.51,2.4733,1.0665,0.4305,0.38315,127.46781,127.54271,58.82353,68.17679,41.667,41.667,43.056,43.056
600938.SH,20220816,13.07426,13.04756,-2.2667,486634.49,713955.52,3.2598,1.0665,0.4355,0.3876,128.94168,128.80305,57.5,66.62824,41.667,41.667,43.056,43.056
600938.SH,20220815,13.17216,13.35016,-0.3984,607310.91,909011.99,4.0681,1.0665,0.441,0.39249,127.73109,127.76294,61.80049,71.78808,41.667,41.667,41.667,41.667
600938.SH,20220812,12.97636,13.40356,4.656,1058150.79,1578175.19,7.0881,1.0665,0.459,0.40851,110.91618,111.44996,67.25441,78.25945,50.0,50.0,38.889,38.889
600938.SH,20220811,12.71826,12.80726,1.2667,352924.22,506592.12,2.3641,1.0665,0.4885,0.39205,99.24386,99.46947,51.58265,59.64228,41.667,41.667,36.111,36.111
600938.SH,20220810,12.78946,12.64705,-0.9066,376023.99,535517.66,2.5188,1.0665,0.5045,0.40479,87.77219,88.31164,41.02061,46.78462,41.667,41.667,34.722,34.722
600938.SH,20220809,12.74496,12.76276,0.3499,457472.21,658455.16,3.0644,1.0665,0.519,0.41581,85.64356,86.41579,43.66899,49.71902,41.667,41.667,34.722,34.722
600938.SH,20220808,12.59365,12.71826,0.2104,403211.79,573306.01,2.701,1.0665,0.5225,0.41815,90.23179,90.67185,45.52684,51.54377,33.333,33.333,34.722,34.722
600938.SH,20220805,12.72716,12.69155,-2.3288,819160.55,1156321.95,5.4872,1.0665,0.5385,0.43086,89.86928,90.23481,43.57006,49.26404,25.0,25.0,36.111,36.111
600938.SH,20220804,13.09206,12.99416,-1.8157,443984.52,644488.78,2.9741,1.0665,0.535,0.4263,90.29126,90.89242,43.82239,49.77192,33.333,33.333,38.889,38.889
600938.SH,20220803,13.29676,13.23446,-1.1303,306527.93,458110.54,2.0533,1.0665,0.54,0.42912,88.41463,89.32662,45.40284,51.52646,33.333,33.333,40.278,40.278
600938.SH,20220802,13.46586,13.38576,-2.5907,501456.3,749362.81,3.3591,1.0665,0.608,0.48503,93.77916,94.52012,52.32558,59.1983,41.667,41.667,43.056,43.056
600938.SH,20220801,13.44806,13.74177,2.2517,433921.83,666305.26,2.9067,1.0665,0.5925,0.47004,106.86275,107.73279,62.95525,71.72217,41.667,41.667,43.056,43.056
600938.SH,20220729,13.63497,13.43916,-2.0752,441231.41,671361.61,2.9556,1.0665,0.591,0.46749,100.63898,101.26021,57.33064,65.02599,41.667,41.667,43.056,43.056
600938.SH,20220728,13.54597,13.72397,2.5266,519094.17,796639.71,3.4772,1.0665,0.5905,0.46552,113.23283,113.67413,62.83644,71.33453,41.667,41.667,43.056,43.056
600938.SH,20220727,13.43916,13.38576,-1.377,295967.59,445704.85,1.9826,1.0665,0.596,0.46894,106.71875,107.02147,56.62768,63.71777,41.667,41.667,44.444,44.444
600938.SH,20220726,13.48366,13.57267,2.1433,393957.13,598685.24,2.639,1.0665,0.6285,0.49529,109.04836,109.33304,62.52505,70.53331,50.0,50.0,45.833,45.833
600938.SH,20220725,13.43916,13.28786,-1.4521,362189.56,541465.19,2.4262,1.0665,0.645,0.50808,96.95291,97.34778,49.78867,55.20904,41.667,41.667,45.833,45.833
600938.SH,20220722,13.56377,13.48366,-2.195,495110.32,752656.95,3.3165,1.0665,0.6635,0.52266,100.40984,100.92656,51.16473,56.69679,41.667,41.667,45.833,45.833
600938.SH,20220721,14.03547,13.78627,-2.1478,404734.37,629316.52,2.7112,1.0665,0.66,0.51852,94.99358,95.51072,48.73217,53.92908,41.667,41.667,45.833,45.833
600938.SH,20220720,14.07107,14.08887,0.6997,478565.24,759078.07,3.2057,1.0665,0.678,0.53252,89.97585,90.70349,46.34514,51.19085,50.0,50.0,45.833,45.833
600938.SH,20220719,14.21347,13.99097,-0.3802,705312.74,1106588.52,4.7246,1.0665,0.697,0.54732,99.39614,99.90261,49.00369,53.7422,50.0,50.0,45.833,45.833
600938.SH,20220718,13.39466,14.04437,6.0484,817742.27,1269320.52,5.4777,1.0665,0.689,0.539,102.29746,103.1631,45.0565,49.24225,50.0,50.0,44.444,44.444
600938.SH,20220715,13.14546,13.24336,-1.9763,845449.21,1262768.95,5.6633,1.0665,0.7365,0.57615,107.85973,108.13398,42.86694,46.32667,41.667,41.667,43.056,43.056
600938.SH,20220714,13.41901,13.51081,0.2477,705285.35,1123920.93,4.7244,1.0,0.698,0.58249,108.44233,108.44233,56.01533,56.01533,41.667,41.667,43.056,43.056
600938.SH,20220713,13.10189,13.47743,-0.4316,599107.35,947962.84,4.0132,1.0,0.723,0.60335,108.70588,108.70588,60.57767,60.57767,41.667,41.667,44.444,44.444
600938.SH,20220712,13.39397,13.53584,0.0617,300766.95,486244.31,2.0147,1.0,0.74,0.61754,115.2381,115.2381,68.74494,68.74494,50.0,50.0,45.833,45.833
600938.SH,20220711,13.37728,13.5275,1.1229,521933.57,835101.7,3.4962,1.0,0.7835,0.65384,114.58824,114.58824,75.86491,75.86491,41.667,41.667,45.833,45.833
600938.SH,20220708,13.77785,13.37728,-0.5583,532229.03,862728.76,3.5652,1.0,0.803,0.67012,107.33634,107.33634,69.78193,69.78193,41.667,41.667,45.833,45.833
600938.SH,20220707,13.21873,13.45239,-0.4938,787382.01,1250945.46,5.2744,1.0,0.8365,0.69807,113.2948,113.2948,63.45441,63.45441,41.667,41.667,45.833,45.833
600938.SH,20220706,13.70275,13.51915,-6.682,1709041.39,2756730.26,11.4482,1.0,0.86,0.71768,111.62528,111.62528,67.16642,67.16642,50.0,50.0,47.222,47.222
600938.SH,20220705,14.60402,14.48719,0.813,567575.85,986265.96,3.802,1.0,0.8145,0.67971,132.85199,132.85199,84.699,84.699,50.0,50.0,47.222,47.222
600938.SH,20220704,14.23684,14.37036,0.7607,530492.18,918531.06,3.5536,1.0,0.8405,0.70141,154.98108,154.98108,96.79595,96.79595,50.0,50.0,47.222,47.222
600938.SH,20220701,14.23684,14.26187,-2.063,525258.89,897111.1,3.5185,1.0,0.858,0.71601,154.65839,154.65839,96.50582,96.50582,41.667,41.667,47.222,47.222
600938.SH,20220630,14.5623,14.5623,-1.021,659839.99,1143184.07,4.42,1.0,0.8805,0.73479,168.44106,168.44106,109.65217,109.65217,41.667,41.667,50.0,50.0
600938.SH,20220629,15.18818,14.71251,-2.9719,764108.07,1362307.31,5.1184,1.0,0.8925,0.74481,170.75351,170.75351,113.3984,113.3984,50.0,50.0,52.778,52.778
600938.SH,20220628,14.93783,15.16315,3.1215,856828.61,1552423.8,5.7395,1.0,0.888,0.74105,192.74756,192.74756,122.80374,122.80374,50.0,50.0,55.556,55.556
600938.SH,20220627,14.28691,14.70416,3.4645,827675.8,1441984.31,5.5443,1.0,0.9265,0.77318,194.14226,194.14226,118.46722,118.46722,50.0,50.0,56.944,56.944
600938.SH,20220624,14.25353,14.2118,-1.0459,667656.32,1136757.51,4.4724,1.0,0.9765,0.8149,183.90177,183.90177,105.63747,105.63747,50.0,50.0,58.333,58.333
600938.SH,20220623,13.85296,14.36201,2.685,813299.4,1385697.17,5.448,1.0,0.994,0.82951,190.75067,190.75067,109.45486,109.45486,58.333,58.333,58.333,58.333
600938.SH,20220622,14.31194,13.98648,-3.1214,934532.54,1586564.87,6.2601,1.0,1.0095,0.84244,178.29457,178.29457,110.87144,110.87144,58.333,58.333,58.333,58.333
600938.SH,20220621,14.39539,14.43712,1.1696,866435.88,1501089.47,5.8039,1.0,0.995,0.83034,192.47606,192.47606,122.47498,122.47498,66.667,66.667,59.722,59.722
600938.SH,20220620,14.77927,14.27022,-8.311,1752393.41,3004438.68,11.7386,1.0,1.0095,0.84244,191.29252,191.29252,123.02093,123.02093,58.333,58.333,59.722,59.722
600938.SH,20220617,15.4135,15.56372,0.2149,912238.03,1680497.65,6.1107,1.0,0.942,0.78611,195.53073,195.53073,142.606,142.606,58.333,58.333,62.5,62.5
600938.SH,20220616,15.8558,15.53033,-3.9732,1377644.17,2570155.37,9.2283,1.0,0.9405,0.78486,208.4058,208.4058,148.47208,148.47208,50.0,50.0,63.889,63.889
600938.SH,20220615,16.84052,16.17291,-5.0,1212832.37,2388819.91,8.1243,1.0,0.951,0.79362,210.66667,210.66667,143.48269,143.48269,58.333,58.333,66.667,66.667
600938.SH,20220614,16.19795,17.02412,4.0286,1013137.54,2026832.95,6.7866,1.0,0.929,0.77526,239.49045,239.49045,158.79828,158.79828,66.667,66.667,68.056,68.056
600938.SH,20220613,16.59017,16.36485,-3.4466,929891.85,1830070.59,6.229,1.0,0.91,0.75941,233.01887,233.01887,150.05214,150.05214,66.667,66.667,66.667,66.667
600938.SH,20220610,16.10615,16.94901,2.9919,887598.42,1783177.52,5.9457,1.0,0.8875,0.74063,219.10448,219.10448,154.22833,154.22833,75.0,75.0,65.278,65.278
600938.SH,20220609,16.43996,16.45665,2.1762,1219732.61,2434378.52,8.1705,1.0,0.868,0.72436,201.66898,201.66898,170.02212,170.02212,66.667,66.667,63.889,63.889
600938.SH,20220608,15.98932,16.10615,2.1164,970250.42,1856408.61,6.4993,1.0,0.859,0.71685,211.28571,211.28571,154.54545,154.54545,66.667,66.667,65.278,65.278
600938.SH,20220607,15.36343,15.77234,1.7771,952150.59,1800841.17,6.3781,1.0,0.89,0.74272,228.2127,228.2127,166.48879,166.48879,66.667,66.667,68.056,68.056
600938.SH,20220606,15.43854,15.49695,3.1667,1020947.33,1894669.73,6.8389,1.0,0.904,0.7544,198.79357,198.79357,145.92738,145.92738,58.333,58.333,69.444,69.444
600938.SH,20220602,15.54702,15.02128,-5.1133,1092869.91,1994145.28,7.3207,1.0,0.915,0.76358,162.25597,162.25597,129.70639,129.70639,58.333,58.333,72.222,72.222
600938.SH,20220601,15.8558,15.83076,-2.5681,957321.38,1817650.98,6.4127,1.0,0.9155,0.764,172.949,172.949,155.00945,155.00945,66.667,66.667,73.611,73.611
